รหัส,บริเวณลุ่มแม่น้ำ,อำเภอ,ตำบล,หน่วยงานเจ้าของ,ประเภทอุปกรณ์,ชื่ออุปกรณ์,สถานะ,ยี่ห้อ,ทะเบียนรถ,ตำแหน่ง LAT,ตำแหน่ง LONG,วันที่ใช้งาน,เบอร์ติดต่อ,หมายเหตุ
FP-001,น้ำแม่กกตอนต้น,เมืองเชียงราย,01 ริมกก,อบจ.เชียงราย,รถบรรทุกเทท้าย,รถบรรทุกเทท้าย ขนาด 6 ตัน 6 ล้อ,พร้อมปฏิบัติงาน,อีซูซุ,81-8180,19.92889724,99.86702973,6/3/2026,053-175313,
FP-002,น้ำแม่กกตอนต้น,เมืองเชียงราย,01 ริมกก,อบจ.เชียงราย,รถตัก,รถตัก,พร้อมปฏิบัติงาน,LIUGONG,ตฒ-2295,19.92889724,99.86702973,30/4/2026,053-175313,
FP-003,น้ำแม่กกตอนต้น,เมืองเชียงราย,01 ริมกก,อบจ.เชียงราย,รถบรรทุกเทท้าย,รถบรรทุกเทท้าย ขนาด 6 ตัน 6 ล้อ,พร้อมปฏิบัติงาน,อีซูซุ,81-8178,19.92889724,99.86702973,30/4/2026,053-175313,
FP-004,น้ำแม่กกตอนต้น,เมืองเชียงราย,01 ริมกก,อบจ.เชียงราย,รถตัก,รถตักตีนตะขาบ,พร้อมปฏิบัติงาน,โคมัตสุ PC120,ต-1001,19.92889724,99.86702973,30/4/2026,053-175313,
FP-005,น้ำแม่กกตอนต้น,เมืองเชียงราย,01 ริมกก,อบจ.เชียงราย,รถตัก,รถตักตีนตะขาบ,พร้อมปฏิบัติงาน,โคมัตสุ,ตค-741,19.92889724,99.86702973,30/4/2026,053-175313,
FP-006,น้ำแม่กกตอนต้น,เมืองเชียงราย,01 ริมกก,อบจ.เชียงราย,รถยนต์ 4 ล้อ,รถตรวจการ,พร้อมปฏิบัติงาน,ฟรอด์,กร 7568,19.92889724,99.86702973,30/4/2026,0948687011,
FP-007,น้ำแม่กกตอนต้น,เมืองเชียงราย,01 ริมกก,อบจ.เชียงราย,รถขนย้าย,รถหัวลาก,ไม่ทราบสถานะ,UD TRUCK,82-2218,19.92889724,99.86702973,30/4/2026,053-175313,
FP-008,น้ำแม่กกตอนต้น,เมืองเชียงราย,01 ริมกก,อบจ.เชียงราย,รถบรรทุกเทท้าย,รถบรรทุกเทท้าย,พร้อมปฏิบัติงาน,มิตซูบิชิ,80-9245,19.92889724,99.86702973,30/4/2026,053-175313,
FP-009,น้ำแม่กกตอนต้น,เมืองเชียงราย,01 ริมกก,อบจ.เชียงราย,รถบรรทุกน้ำ,"รถบรรทุกน้ำ ขนาด 6,000 ลิตร",พร้อมปฏิบัติงาน,อีซูซุ,บม-9980,19.92889724,99.86702973,30/4/2026,053-175313,
FP-010,น้ำแม่กกตอนต้น,เมืองเชียงราย,01 ริมกก,อบจ.เชียงราย,รถตัก,รถตักหน้าขุดหลัง,พร้อมปฏิบัติงาน,โคมัตสุ,ตค-742,19.92889724,99.86702973,30/4/2026,053-175313,
FP-011,น้ำแม่กกตอนต้น,เมืองเชียงราย,01 ริมกก,อบจ.เชียงราย,รถโดยสารขนาดใหญ่,รถโดยสารขนาดใหญ่,พร้อมปฏิบัติงาน,อีซูซุ,40-0163,19.92889724,99.86702973,30/4/2026,061 2504570,
FP-012,น้ำแม่กกตอนต้น,เมืองเชียงราย,01 ริมกก,อบจ.เชียงราย,รถตัก,รถตักหน้าขุดหลัง,พร้อมปฏิบัติงาน,เจ ซี บี,ตค-7567,19.92889724,99.86702973,30/4/2026,053-175313,
FP-013,น้ำแม่กกตอนต้น,เมืองเชียงราย,01 ริมกก,อบจ.เชียงราย,รถตัก,รถตัก,พร้อมปฏิบัติงาน,POWERPLUS,ตฒ-760,19.92889724,99.86702973,30/4/2026,053-175313,
FP-014,น้ำแม่กกตอนต้น,เมืองเชียงราย,01 ริมกก,อบจ.เชียงราย,รถบรรทุกเทท้าย,รถบรรทุกเทท้าย ขนาด 6 ตัน 6 ล้อ,พร้อมปฏิบัติงาน,มิตซูบิชิ,80-9242,19.92889724,99.86702973,30/4/2026,053-175313,
FP-015,น้ำแม่กกตอนต้น,เมืองเชียงราย,01 ริมกก,อบจ.เชียงราย,รถยนต์ 4 ล้อ,รถตรวจการ,พร้อมปฏิบัติงาน,มาสด้า,กฉ 54,19.92889724,99.86702973,30/4/2026,0948687011,
FP-016,น้ำแม่กกตอนต้น,เมืองเชียงราย,01 ริมกก,อบจ.เชียงราย,รถโดยสารขนาดใหญ่,"รถโดยสารขนาดเล็ก (รถตู้ขนาด 9,11,12,15 ที่นั่ง )",พร้อมปฏิบัติงาน,HINO,81-6256,19.92889724,99.86702973,30/4/2026,0948687011,
FP-017,น้ำแม่กกตอนต้น,เมืองเชียงราย,01 ริมกก,อบจ.เชียงราย,รถยนต์ 4 ล้อ,รถตรวจการ,พร้อมปฏิบัติงาน,โตโยต้า,ผค-109,19.92889724,99.86702973,30/4/2026,0876585158,
FP-018,น้ำแม่กกตอนต้น,เมืองเชียงราย,01 ริมกก,อบจ.เชียงราย,รถยนต์ 4 ล้อ,"รถยนต์ 4 ล้อ
รถตรวจการ",พร้อมปฏิบัติงาน,โตโยต้า,กธ 5028,19.92889724,99.86702973,30/4/2026,0948687011,
FP-019,น้ำแม่กกตอนต้น,เมืองเชียงราย,01 ริมกก,อบจ.เชียงราย,รถบรรทุกขนาดเล็ก,"รถบรรทุกขนาดเล็ก
-",พร้อมปฏิบัติงาน,HINO,81-6257,19.92889724,99.86702973,30/4/2026,061 2504570,
FP-020,น้ำแม่กกตอนต้น,เมืองเชียงราย,01 ริมกก,อบจ.เชียงราย,รถบรรทุกน้ำ,"รถบรรทุกน้ำ
รถบรรทุกน้ำ ขนาด 10,000 ลิตร",พร้อมปฏิบัติงาน,อีซูซุ,81-8932,19.92889724,99.86702973,30/4/2026,053-175313,
FP-021,น้ำแม่กกตอนต้น,เมืองเชียงราย,01 ริมกก,อบจ.เชียงราย,รถแทรคเตอร์ล้อยาง,"รถแทรคเตอร์ล้อยาง
รถแทรคเตอร์ล้อยาง",พร้อมปฏิบัติงาน,นิวฮอนแลนด์,ตค-1335,19.92889724,99.86702973,30/4/2026,053-175313,
FP-022,น้ำแม่กกตอนต้น,เมืองเชียงราย,01 ริมกก,อบจ.เชียงราย,รถแทรคเตอร์ล้อยาง,"รถแทรคเตอร์ล้อยาง
-",พร้อมปฏิบัติงาน,โฟร์ตอน,ตค-7593,19.92889724,99.86702973,30/4/2026,053-175313,
FP-023,น้ำแม่กกตอนต้น,เมืองเชียงราย,01 ริมกก,อบจ.เชียงราย,รถตัก,"รถตัก
รถตักตีนตะขาบ",พร้อมปฏิบัติงาน,DOOSAN,ตค-7709,19.92889724,99.86702973,30/4/2026,053-175313,
FP-024,น้ำแม่กกตอนต้น,เมืองเชียงราย,01 ริมกก,อบจ.เชียงราย,รถขนย้าย,"รถขนย้าย
รถหัวลาก",พร้อมปฏิบัติงาน,นิสสัน,81-9583,19.92889724,99.86702973,30/4/2026,053-175313,
FP-025,น้ำแม่กกตอนต้น,เมืองเชียงราย,01 ริมกก,อบจ.เชียงราย,รถบรรทุกเทท้าย,"รถบรรทุกเทท้าย
-",พร้อมปฏิบัติงาน,อีซูซุ,81-8179,19.92889724,99.86702973,30/4/2026,053-175313,
FP-026,น้ำแม่กกตอนต้น,เมืองเชียงราย,01 ริมกก,อบจ.เชียงราย,รถบรรทุกเทท้าย,"รถบรรทุกเทท้าย
รถบรรทุกเทท้าย ขนาด 6 ตัน 6 ล้อ",พร้อมปฏิบัติงาน,อีซูซุ,81-8177,19.92889724,99.86702973,30/4/2026,053-175313,
FP-027,น้ำแม่กกตอนต้น,เมืองเชียงราย,01 ริมกก,อบจ.เชียงราย,รถบรรทุกน้ำ,"รถบรรทุกน้ำ
รถบรรทุกน้ำ ขนาด 10,000 ลิตร",พร้อมปฏิบัติงาน,อีซูซุ,บม-9981,19.92889724,99.86702973,30/4/2026,053-175313,
FP-028,น้ำแม่กกตอนต้น,เมืองเชียงราย,01 ริมกก,อบจ.เชียงราย,รถตัก,"รถตัก
รถตักตีนตะขาบ",พร้อมปฏิบัติงาน,แคตเตอร์ฟิลล่าร์,ต-1100,19.92889724,99.86702973,30/4/2026,053-175313,
FP-029,น้ำแม่กกตอนต้น,เมืองเชียงราย,01 ริมกก,อบจ.เชียงราย,รถบรรทุกน้ำ,"รถบรรทุกน้ำ
รถบรรทุกน้ำ ขนาด 6,000 ลิตร",พร้อมปฏิบัติงาน,มิตซูบิชิ,80-9250,19.92889724,99.86702973,30/4/2026,053-175313,
FP-030,น้ำแม่กกตอนต้น,เมืองเชียงราย,01 ริมกก,อบจ.เชียงราย,รถแทรคเตอร์ล้อยาง,"รถแทรคเตอร์ล้อยาง
รถแทรคเตอร์ล้อยาง",พร้อมปฏิบัติงาน,ฟอร์ด,ต-0839,19.92889724,99.86702973,30/4/2026,053-175313,
FP-031,น้ำแม่กกตอนต้น,เมืองเชียงราย,01 รอบเวียง,ทน.เชียงราย,รถบรรทุกน้ำ,"รถบรรทุกน้ำ
รถบรรทุกน้ำ ขนาด 6,000 ลิตร",พร้อมปฏิบัติงาน,ISUZU,82-0565,19.909382,99.82666,30/4/2026,094-6329916,
FP-032,น้ำแม่กกตอนต้น,เมืองเชียงราย,01 รอบเวียง,ทน.เชียงราย,รถดับเพลิง และอุปกรณ์,"รถดับเพลิง และอุปกรณ์
รถดับเพลิงอาคาร",พร้อมปฏิบัติงาน,MITSUBISHI,ผ-2117,19.909382,99.82666,30/4/2026,063-7604629,
FP-033,น้ำแม่กกตอนต้น,เมืองเชียงราย,01 รอบเวียง,ทน.เชียงราย,รถดับเพลิง และอุปกรณ์,"รถดับเพลิง และอุปกรณ์
รถดับเพลิงอาคาร",พร้อมปฏิบัติงาน,HINO,บษ 7470 ชร,19.909382,99.82666,30/4/2026,0946389695,
FP-034,น้ำแม่กกตอนต้น,เมืองเชียงราย,01 รอบเวียง,ทน.เชียงราย,รถดับเพลิง และอุปกรณ์,"รถดับเพลิง และอุปกรณ์
รถดับเพลิงอาคาร",พร้อมปฏิบัติงาน,MITSUBISHI,ผ-2118,19.909382,99.82666,30/4/2026,089-7598728,
FP-035,น้ำแม่กกตอนต้น,เมืองเชียงราย,01 รอบเวียง,ทน.เชียงราย,รถดับเพลิง และอุปกรณ์,"รถดับเพลิง และอุปกรณ์
รถดับเพลิงอาคาร",พร้อมปฏิบัติงาน,MITSUBISHI,ป-5700,19.909382,99.82666,30/4/2026,081-6714197,
FP-036,น้ำแม่กกตอนต้น,เมืองเชียงราย,01 รอบเวียง,ทน.เชียงราย,รถยนต์กู้ภัย พร้อมเครื่องมือ,"รถยนต์กู้ภัย พร้อมเครื่องมือ
รถยนต์กู้ภัยเอนกประสงค์พร้อมอุปกรณ์ (รถกู้ภัยขนาดกลาง)",พร้อมปฏิบัติงาน,NISSIN,ภ-1646,19.909382,99.82666,30/4/2026,081-3666972,
FP-037,น้ำแม่กกตอนต้น,เมืองเชียงราย,01 รอบเวียง,ทต.บ้านดู่,รถบรรทุกน้ำ,"รถบรรทุกน้ำ
รถบรรทุกน้ำ ขนาด 6,000 ลิตร",พร้อมปฏิบัติงาน,มิตซูบิชิ,บพ8572,19.977144,99.831819,30/4/2026,0872425388,
FP-038,น้ำแม่กกตอนต้น,เมืองเชียงราย,01 รอบเวียง,ทต.บ้านดู่,รถบรรทุกน้ำ,"รถบรรทุกน้ำ
รถบรรทุกน้ำ ขนาด 5,000 ลิตร",พร้อมปฏิบัติงาน,อีซูซุ,บม9665,19.977144,99.831819,30/4/2026,080-6724244,
FP-039,น้ำแม่กกตอนต้น,เมืองเชียงราย,01 รอบเวียง,ทต.บ้านดู่,รถบรรทุกน้ำ,"รถบรรทุกน้ำ
-",พร้อมปฏิบัติงาน,อีซูซุ,ผก7434,19.977144,99.831819,30/4/2026,0992852800,
FP-040,น้ำแม่กกตอนต้น,เมืองเชียงราย,01 รอบเวียง,ทต.นางแล,รถบรรทุกน้ำ,"รถบรรทุกน้ำ
-",พร้อมปฏิบัติงาน,Hino,บม-9008,20.025462,99.871694,30/4/2026,-,
FP-041,น้ำแม่กกตอนต้น,เมืองเชียงราย,01 นางแล,ทต.นางแล,รถยนต์ 4 ล้อ,"รถยนต์ 4 ล้อ
รถตรวจการ",พร้อมปฏิบัติงาน,TOYOTA,บย 3474,20.025462,99.871694,30/4/2026,-,
FP-042,น้ำแม่กกตอนต้น,เมืองเชียงราย,01 นางแล,ทต.นางแล,รถจักรยานยนต์,"รถจักรยานยนต์
รถจักรยานยนต์",พร้อมปฏิบัติงาน,SUZUKI,1กฆ5343,20.025462,99.871694,30/4/2026,-,
FP-043,น้ำแม่กกตอนต้น,เมืองเชียงราย,01 นางแล,ทต.นางแล,รถยนต์ 4 ล้อ,"รถยนต์ 4 ล้อ
-",พร้อมปฏิบัติงาน,TOYOTA,กธ 4765,20.025462,99.871694,30/4/2026,-,
FP-044,น้ำแม่กกตอนต้น,เมืองเชียงราย,01 แม่ยาว,ทต.แม่ยาว,รถจักรยานยนต์,"รถจักรยานยนต์
รถจักรยานยนต์",พร้อมปฏิบัติงาน,Honda,ขงษ 228,19.9341,99.759914,30/4/2026,-,
FP-045,น้ำแม่กกตอนต้น,เมืองเชียงราย,01 แม่ยาว,ทต.แม่ยาว,รถดับเพลิง และอุปกรณ์,"รถดับเพลิง และอุปกรณ์
รถบรรทุกน้ำช่วยดับเพลิง",พร้อมปฏิบัติงาน,isuzu,ผจ. 5402,19.9341,99.759914,30/4/2026,053737132,
FP-046,น้ำแม่กกตอนต้น,เมืองเชียงราย,01 แม่ยาว,ทต.แม่ยาว,รถยนต์ 4 ล้อ,"รถยนต์ 4 ล้อ
รถตรวจการ",พร้อมปฏิบัติงาน,MAZDA FIGHTER B ๒๙๐๐,บน 2158,19.9341,99.759914,30/4/2026,-,
FP-047,น้ำแม่กกตอนต้น,เมืองเชียงราย,01 แม่ยาว,ทต.แม่ยาว,รถจักรยานยนต์,"รถจักรยานยนต์
รถจักรยานยนต์",พร้อมปฏิบัติงาน,KAWASAKI,คนจ 692,19.9341,99.759914,30/4/2026,-,
FP-048,น้ำแม่กกตอนต้น,เมืองเชียงราย,01 แม่ยาว,ทต.แม่ยาว,รถดับเพลิง และอุปกรณ์,"รถดับเพลิง และอุปกรณ์
รถบรรทุกน้ำช่วยดับเพลิง",พร้อมปฏิบัติงาน,isuzu,บม.9368,19.9341,99.759914,30/4/2026,053737132,
FP-049,น้ำแม่กกตอนต้น,เมืองเชียงราย,01 แม่กรณ์,ทต.แม่กรณ์,รถไม่ระบุประเภท,"-
-",พร้อมปฏิบัติงาน,TOYOTA,ขง-8984,19.849068,99.732614,30/4/2026,053726368,
FP-050,น้ำแม่กกตอนต้น,เมืองเชียงราย,01 แม่กรณ์,ทต.แม่กรณ์,รถยนต์ 4 ล้อ,"รถยนต์ 4 ล้อ
รถตรวจการ",พร้อมปฏิบัติงาน,MITSUBISHI,ผก5057,19.849068,99.732614,30/4/2026,053726368,
FP-051,น้ำแม่กกตอนต้น,เมืองเชียงราย,01 แม่กรณ์,ทต.แม่กรณ์,รถบรรทุกน้ำ,"รถบรรทุกน้ำ
รถบรรทุกน้ำ ขนาด 5,000 ลิตร",พร้อมปฏิบัติงาน,HINO,บร5329,19.849068,99.732614,30/4/2026,053726368,
FP-052,น้ำแม่กกตอนต้น,เมืองเชียงราย,01 แม่กรณ์,ทต.แม่กรณ์,รถไม่ระบุประเภท,"-
-",พร้อมปฏิบัติงาน,TOYOTA,ขก7494,19.849068,99.732614,30/4/2026,053926368,
FP-053,น้ำแม่กกตอนต้น,เมืองเชียงราย,01 ห้วยสัก,ทต.ห้วยสัก,รถบรรทุกขนาดเล็ก,"รถบรรทุกขนาดเล็ก
รถบรรทุกขนาดเล็ก แบบที่นั่งตอนเดียว",พร้อมปฏิบัติงาน,Masda,ชรบพ-7599,19.797846,99.903391,30/4/2026,0956769565,
FP-054,น้ำแม่กกตอนต้น,เมืองเชียงราย,01 ห้วยสัก,ทต.ห้วยสัก,รถบรรทุกน้ำ,"รถบรรทุกน้ำ
รถบรรทุกน้ำ ขนาด 10,000 ลิตร",พร้อมปฏิบัติงาน,Misubishi,ชร81-8943,19.797846,99.903391,30/4/2026,0956769565,
FP-055,น้ำแม่กกตอนต้น,เมืองเชียงราย,01 ห้วยสัก,ทต.ห้วยสัก,รถบรรทุกน้ำ,"รถบรรทุกน้ำ
รถบรรทุกน้ำ ขนาด 6,000 ลิตร",พร้อมปฏิบัติงาน,ISUZU,ชร82-0056,19.797846,99.903391,30/4/2026,0956769565,
FP-056,น้ำแม่กกตอนต้น,เมืองเชียงราย,01 ดอยลาน,ทต.ดอยลาน,รถตัก,"รถตัก
รถตักล้อยาง",พร้อมปฏิบัติงาน,โคมัตสึ,ตค-4851,19.683815,99.926643,30/4/2026,-,
FP-057,น้ำแม่กกตอนต้น,เมืองเชียงราย,01 ดอยลาน,ทต.ดอยลาน,รถบรรทุกขนาดเล็ก,"รถบรรทุกขนาดเล็ก
รถบรรทุกขนาดเล็ก แบบที่นั่ง 2 ตอน",พร้อมปฏิบัติงาน,toyota,กค-8646,19.683815,99.926643,30/4/2026,-,
FP-058,น้ำแม่กกตอนต้น,เมืองเชียงราย,01 ดอยลาน,ทต.ดอยลาน,รถบรรทุกขนาดเล็ก,"รถบรรทุกขนาดเล็ก
รถบรรทุกขนาดเล็ก แบบที่นั่ง 2 ตอน",พร้อมปฏิบัติงาน,mitsubichi,กพ-9361,19.683815,99.926643,30/4/2026,-,
FP-059,น้ำแม่กกตอนต้น,เมืองเชียงราย,01 ดอยลาน,ทต.ดอยลาน,รถบรรทุกขนาดเล็ก,"รถบรรทุกขนาดเล็ก
รถบรรทุกขนาดเล็ก แบบที่นั่งตอนเดียว",พร้อมปฏิบัติงาน,nissan,ป-2807,19.683815,99.926643,30/4/2026,-,
FP-060,น้ำแม่กกตอนต้น,เมืองเชียงราย,01 ดอยลาน,ทต.ดอยลาน,รถบรรทุกขนาดเล็ก,"รถบรรทุกขนาดเล็ก
รถพยาบาล",พร้อมปฏิบัติงาน,toyota,กร-2447,19.683815,99.926643,30/4/2026,0835719191,
FP-061,น้ำแม่กกตอนต้น,เมืองเชียงราย,01 ดอยลาน,ทต.ดอยลาน,รถบรรทุกน้ำ,"รถบรรทุกน้ำ
รถบรรทุกน้ำ ขนาด 5,000 ลิตร",พร้อมปฏิบัติงาน,hino,81-2966,19.683815,99.926643,30/4/2026,0835719191,
FP-062,น้ำแม่กกตอนต้น,เมืองเชียงราย,01 ดอยลาน,ทต.ดอยลาน,รถบรรทุกเทซ้าย,"รถบรรทุกเทซ้าย
รถบรรทุกเทท้าย ขนาด 6 ตัน 6 ล้อ",พร้อมปฏิบัติงาน,hino,81-8758,19.683815,99.926643,30/4/2026,-,
FP-063,น้ำแม่กกตอนต้น,เมืองเชียงราย,01 ดอยลาน,ทต.ดอยลาน,รถบรรทุกขนาดเล็ก,"รถบรรทุกขนาดเล็ก
รถตู้เอนกประสงค์",พร้อมปฏิบัติงาน,toyota,นข-7545,19.683815,99.926643,30/4/2026,-,
FP-064,น้ำแม่กกตอนต้น,เมืองเชียงราย,01 ดอยลาน,ทต.ดอยลาน,รถยนต์กู้ภัย พร้อมเครื่องมือ,"รถยนต์กู้ภัย พร้อมเครื่องมือ
รถยนต์กู้ภัยเอนกประสงค์พร้อมอุปกรณ์ (รถกู้ภัยขนาดกลาง)",พร้อมปฏิบัติงาน,TOYOTA,กธ-4725,19.683815,99.926643,30/4/2026,-,
FP-065,น้ำแม่กกตอนต้น,เมืองเชียงราย,01 ดอยลาน,ทต.ดอยลาน,รถบรรทุกขนาดเล็ก,"รถบรรทุกขนาดเล็ก
รถบรรทุกขนาดเล็ก แบบที่นั่งตอนเดียว",พร้อมปฏิบัติงาน,toyota,บร-7341,19.683815,99.926643,30/4/2026,0835719191,
FP-066,น้ำแม่กกตอนต้น,เมืองเชียงราย,01 ป่าอ้อดอนชัย,ทต.ป่าอ้อดอนชัย,รถไม่ระบุประเภท,"-
-",พร้อมปฏิบัติงาน,โตโยต้า,กย 5663,19.849592,99.769791,30/4/2026,-,
FP-067,น้ำแม่กกตอนต้น,เมืองเชียงราย,01 ป่าอ้อดอนชัย,ทต.ป่าอ้อดอนชัย,รถยนต์ 4 ล้อ,"รถยนต์ 4 ล้อ
-",พร้อมปฏิบัติงาน,เซฟโลเลท,บย 2253,19.849592,99.769791,30/4/2026,-,
FP-068,น้ำแม่กกตอนต้น,เมืองเชียงราย,01 ท่าสาย,ทต.ท่าสาย,รถดับเพลิง และอุปกรณ์,"รถดับเพลิง และอุปกรณ์
รถดับเพลิงอาคาร",พร้อมปฏิบัติงาน,IZUZU,บล 9945 ชร,19.851525,99.858441,30/4/2026,-,
FP-069,น้ำแม่กกตอนต้น,เมืองเชียงราย,01 ท่าสาย,ทต.ท่าสาย,รถยนต์กู้ภัย พร้อมเครื่องมือ,"รถยนต์กู้ภัย พร้อมเครื่องมือ
รถเครื่องช่วยหายใจพร้อมอุปกรณ์",พร้อมปฏิบัติงาน,TOYOTA,กร 927,19.851525,99.858441,30/4/2026,-,
FP-070,น้ำแม่กกตอนต้น,เมืองเชียงราย,01 ท่าสาย,ทต.ท่าสาย,รถบรรทุกน้ำ,"รถบรรทุกน้ำ
รถบรรทุกน้ำ ขนาด 6,000 ลิตร",พร้อมปฏิบัติงาน,ISUZU,82-3741,19.851525,99.858441,30/4/2026,0848060505,
FP-071,น้ำแม่กกตอนต้น,เมืองเชียงราย,01 ท่าสาย,ทต.ท่าสาย,รถยนต์ 4 ล้อ,"รถยนต์ 4 ล้อ
รถตรวจการ",พร้อมปฏิบัติงาน,FORD RANGER,ผต 1158 ชร,19.851525,99.858441,30/4/2026,-,
FP-072,น้ำแม่กกตอนต้น,เมืองเชียงราย,01 ดอยฮาง,ทต.ดอยฮาง,รถยนต์ 4 ล้อ,"รถยนต์ 4 ล้อ
รถตรวจการ",พร้อมปฏิบัติงาน,MAZDA,บร 4781,19.933212,99.754617,30/4/2026,052020640,
FP-073,น้ำแม่กกตอนต้น,เมืองเชียงราย,01 ดอยฮาง,ทต.ดอยฮาง,รถแทรคเตอร์ล้อยาง,"รถแทรคเตอร์ล้อยาง
รถแทรคเตอร์ล้อยาง",พร้อมปฏิบัติงาน,นิวฮอล์แลนด์,ตค 9576,19.933212,99.754617,30/4/2026,052020641,
FP-074,น้ำแม่กกตอนต้น,เมืองเชียงราย,01 ดอยฮาง,ทต.ดอยฮาง,รถบรรทุกน้ำ,"รถบรรทุกน้ำ
รถบรรทุกน้ำ ขนาด 5,000 ลิตร",พร้อมปฏิบัติงาน,อีซูซุ,ผด1433,19.933212,99.754617,30/4/2026,052020641,
FP-075,น้ำแม่กกตอนต้น,เมืองเชียงราย,01 ดอยฮาง,ทต.ดอยฮาง,รถยนต์ 4 ล้อ,"รถยนต์ 4 ล้อ
-",พร้อมปฏิบัติงาน,โตโยต้า,กย 2701,19.933212,99.754617,30/4/2026,052020641,
FP-076,น้ำแม่กกตอนต้น,เมืองเชียงราย,01 ท่าสุด,ทต.ท่าสุด,รถจักรยานยนต์,"รถจักรยานยนต์
รถจักรยานยนต์",พร้อมปฏิบัติงาน,้Honda,1กร4995,20.073611,99.882686,30/4/2026,053787039,
FP-077,น้ำแม่กกตอนต้น,เมืองเชียงราย,01 ท่าสุด,ทต.ท่าสุด,รถยนต์ 4 ล้อ,"รถยนต์ 4 ล้อ
รถตรวจการ",พร้อมปฏิบัติงาน,Mazda,กง 519,20.073611,99.882686,30/4/2026,053787101,
FP-078,น้ำแม่กกตอนต้น,เมืองเชียงราย,01 ท่าสุด,ทต.ท่าสุด,รถยนต์กู้ภัย พร้อมเครื่องมือ,"รถยนต์กู้ภัย พร้อมเครื่องมือ
รถยนต์กู้ภัยเอนกประสงค์พร้อมอุปกรณ์ (รถกู้ภัยขนาดกลาง)",พร้อมปฏิบัติงาน,Benz,82-2362,20.073611,99.882686,30/4/2026,-,
FP-079,น้ำแม่กกตอนต้น,เมืองเชียงราย,01 ท่าสุด,ทต.ท่าสุด,รถบรรทุกน้ำ,"รถบรรทุกน้ำ
รถบรรทุกน้ำ ขนาด 6,000 ลิตร",พร้อมปฏิบัติงาน,Mitsubishi,บม 8756,20.073611,99.882686,30/4/2026,-,
FP-080,น้ำแม่กกตอนต้น,เมืองเชียงราย,01 รอบเวียง,อบต.รอบเวียง,รถจักรยานยนต์,"รถจักรยานยนต์
รถจักรยานยนต์",พร้อมปฏิบัติงาน,ฮอนดา,1กข 7828,19.914598,99.87768,30/4/2026,053-742687,
FP-081,น้ำแม่กกตอนต้น,เมืองเชียงราย,01 รอบเวียง,อบต.รอบเวียง,รถยนต์ 4 ล้อ,"รถยนต์ 4 ล้อ
รถตรวจการ",พร้อมปฏิบัติงาน,นิสสัน,กอ 2214,19.914598,99.87768,30/4/2026,053-742687,
FP-082,น้ำแม่กกตอนต้น,เมืองเชียงราย,01 รอบเวียง,อบต.รอบเวียง,รถบรรทุกน้ำ,"รถบรรทุกน้ำ
รถบรรทุกน้ำ ขนาด 6,000 ลิตร",พร้อมปฏิบัติงาน,อีซูซุ,82-3047,19.914598,99.87768,30/4/2026,053-742687,
FP-083,น้ำแม่กกตอนต้น,เมืองเชียงราย,01 รอบเวียง,อบต.รอบเวียง,รถยนต์ 4 ล้อ,"รถยนต์ 4 ล้อ
รถตรวจการ",พร้อมปฏิบัติงาน,mazda,บร-1069 ชร,19.914598,99.87768,30/4/2026,0979603659,
FP-084,น้ำแม่กกตอนต้น,เมืองเชียงราย,01 แม่ข้าวต้ม,อบต.แม่ข้าวต้ม,รถบรรทุกน้ำ,"รถบรรทุกน้ำ
รถบรรทุกน้ำมันเชื้อเพลิง ขนาด 6,000 ลิตร 6 ตัน 6 ล้อ",พร้อมปฏิบัติงาน,NISSAN,81-3486,20.009366,99.912715,30/4/2026,0979700442,
FP-085,น้ำแม่กกตอนต้น,เมืองเชียงราย,01 แม่ข้าวต้ม,อบต.แม่ข้าวต้ม,รถยนต์ 4 ล้อ,"รถยนต์ 4 ล้อ
รถตรวจการ",พร้อมปฏิบัติงาน,Toyota,กม.2830,20.009366,99.912715,30/4/2026,0979700442,
FP-086,น้ำแม่กกตอนต้น,เมืองเชียงราย,01 ห้วยชมภู,อบต.ห้วยชมภู,รถบรรทุกขนาดเล็ก,"รถบรรทุกขนาดเล็ก
รถบรรทุกขนาดเล็กขับเคลื่อน 4 ล้อ แบบที่นั่ง 2 ตอน (4x4)",พร้อมปฏิบัติงาน,Toyota,กย 8487 ชร,19.899575,99.622534,30/4/2026,053601454,
FP-087,น้ำแม่กกตอนต้น,เมืองเชียงราย,01 ห้วยชมภู,อบต.ห้วยชมภู,รถจักรยานยนต์,"รถจักรยานยนต์
รถจักรยานยนต์",พร้อมปฏิบัติงาน,Honda,คคก 595 ชร,19.899575,99.622534,30/4/2026,053601454,
FP-088,น้ำแม่กกตอนต้น,เมืองเชียงราย,01 ห้วยชมภู,อบต.ห้วยชมภู,รถบรรทุกขนาดเล็ก,"รถบรรทุกขนาดเล็ก
รถบรรทุกขนาดเล็กขับเคลื่อน 4 ล้อ แบบที่นั่งตอนครึ่ง (4x4)",พร้อมปฏิบัติงาน,Mitsubishi,บม 6681 ชร,19.899575,99.622534,30/4/2026,053601454,
FP-089,น้ำแม่กกตอนต้น,เมืองเชียงราย,01 ห้วยชมภู,อบต.ห้วยชมภู,รถตัก,"รถตัก
รถตักหน้าขุดหลัง",พร้อมปฏิบัติงาน,JCB,ตค 756 ชร,19.899575,99.622534,30/4/2026,053601454,
FP-090,น้ำแม่กกตอนต้น,เมืองเชียงราย,01 ห้วยชมภู,อบต.ห้วยชมภู,รถบรรทุกขนาดเล็ก,"รถบรรทุกขนาดเล็ก
รถบรรทุกขนาดเล็กขับเคลื่อน 4 ล้อ แบบที่นั่งตอนครึ่ง (4x4)",พร้อมปฏิบัติงาน,Ford,ผต 6499 ชร,19.899575,99.622534,30/4/2026,053601454,
FP-091,น้ำแม่กกตอนต้น,เมืองเชียงราย,01 ห้วยชมภู,อบต.ห้วยชมภู,รถบรรทุกขนาดเล็ก,"รถบรรทุกขนาดเล็ก
รถบรรทุกขนาดเล็กขับเคลื่อน 4 ล้อ แบบที่นั่ง 2 ตอน (4x4)",พร้อมปฏิบัติงาน,Toyota,กพ 6444 ชร,19.899575,99.622534,30/4/2026,053601454,
FP-092,น้ำแม่กกตอนต้น,เมืองเชียงราย,01 ห้วยชมภู,อบต.ห้วยชมภู,รถแทรคเตอร์ล้อยาง,"รถแทรคเตอร์ล้อยาง
รถแทรคเตอร์ล้อยาง",พร้อมปฏิบัติงาน,รถแทร็กเตอร์,ตค7779 ชร,19.899575,99.622534,30/4/2026,0052-024-711,
FP-093,น้ำแม่กกตอนต้น,เมืองเชียงราย,01 ห้วยชมภู,อบต.ห้วยชมภู,รถจักรยานยนต์,"รถจักรยานยนต์
รถจักรยานยนต์",พร้อมปฏิบัติงาน,Honda,2กจ2783 ชร,19.899575,99.622534,30/4/2026,053601454,
FP-094,น้ำแม่กกตอนต้น,เมืองเชียงราย,01 ห้วยชมภู,อบต.ห้วยชมภู,รถตัก,"รถตัก
รถตักหน้าขุดหลัง",พร้อมปฏิบัติงาน,CATERPILLAR,ตฆ 6366 ชร,19.899575,99.622534,30/4/2026,053601454,
FP-095,น้ำแม่กกตอนต้น,เมืองเชียงราย,01 ริมกก,อบต.ริมกก,รถบรรทุกน้ำ,"รถบรรทุกน้ำ
รถบรรทุกน้ำ ขนาด 6,000 ลิตร",พร้อมปฏิบัติงาน,ฮีโน่,ผต-4511,19.985487,99.935724,30/4/2026,0853545627,
FP-096,น้ำแม่กกตอนต้น,เวียงชัย,02 เวียงชัย,ทต.เวียงชัย,รถดับเพลิง และอุปกรณ์,"รถดับเพลิง และอุปกรณ์
รถดับเพลิงอาคาร",พร้อมปฏิบัติงาน,ISUZU,บม 3092,19.88699,99.932926,30/4/2026,053768744,
FP-097,น้ำแม่กกตอนต้น,เวียงชัย,02 เวียงชัย,ทต.เวียงชัย,รถบรรทุกน้ำ,"รถบรรทุกน้ำ
รถบรรทุกน้ำ ขนาด 5,000 ลิตร",พร้อมปฏิบัติงาน,ISUZU,ผฉ 3136,19.88699,99.932926,30/4/2026,053768744,
FP-098,น้ำแม่กกตอนต้น,เวียงชัย,02 เวียงชัย,ทต.เวียงชัย,รถดับเพลิง และอุปกรณ์,"รถดับเพลิง และอุปกรณ์
-",พร้อมปฏิบัติงาน,MITSUBISHI,80-9129,19.88699,99.932926,30/4/2026,053768744,
FP-099,น้ำแม่กกตอนต้น,เวียงชัย,02 เวียงชัย,ทต.เวียงชัย,รถยนต์ 4 ล้อ,"รถยนต์ 4 ล้อ
-",พร้อมปฏิบัติงาน,TOYOTA,บพ 84,19.88699,99.932926,30/4/2026,053768744,
FP-100,น้ำแม่กกตอนต้น,เวียงชัย,02 เวียงชัย,ทต.เวียงชัย,รถบรรทุกน้ำ,"รถบรรทุกน้ำ
รถบรรทุกน้ำ ขนาด 6,000 ลิตร",พร้อมปฏิบัติงาน,MITSUBISHI,บบ 5017,19.88699,99.932926,30/4/2026,053768744,
FP-101,น้ำแม่กกตอนต้น,เวียงชัย,02 เวียงชัย,ทต.สิริเวียงชัย,รถบรรทุกน้ำ,"รถบรรทุกน้ำ
-",พร้อมปฏิบัติงาน,ISUZU,ผค 1255 ชร,19.867444,99.889807,30/4/2026,053663094,
FP-102,น้ำแม่กกตอนต้น,เวียงชัย,02 เวียงชัย,ทต.สิริเวียงชัย,รถจักรยานยนต์,"รถจักรยานยนต์
รถจักรยานยนต์",พร้อมปฏิบัติงาน,HONDA,1กฬ 7416ชร,19.867444,99.889807,30/4/2026,0861956138,
FP-103,น้ำแม่กกตอนต้น,เวียงชัย,02 เวียงชัย,ทต.สิริเวียงชัย,รถบรรทุกน้ำ,"รถบรรทุกน้ำ
รถบรรทุกน้ำ ขนาด 6,000 ลิตร",พร้อมปฏิบัติงาน,ISUZU,82-6016 ชร,19.867444,99.889807,30/4/2026,0861956138,
FP-104,น้ำแม่กกตอนต้น,เวียงชัย,02 เวียงชัย,ทต.สิริเวียงชัย,รถยนต์ 4 ล้อ,"รถยนต์ 4 ล้อ
รถตรวจการ",พร้อมปฏิบัติงาน,MG,ผน 1966 ชร,19.867444,99.889807,30/4/2026,0861956138,
FP-105,น้ำแม่กกตอนต้น,เวียงชัย,02 เวียงชัย,ทต.เวียงเหนือ,รถยนต์กู้ภัย พร้อมเครื่องมือ,"รถยนต์กู้ภัย พร้อมเครื่องมือ
รถยนต์กู้ภัยเคลื่อนที่เร็วพร้อมอุปกรณ์",พร้อมปฏิบัติงาน,isuzu,บร 1003 ชร,19.9062072,99.9302177,30/4/2026,081-9509117,
FP-106,น้ำแม่กกตอนต้น,เวียงชัย,02 ดอนศิลา,ทต.ดอนศิลา,รถยนต์ 4 ล้อ,"รถยนต์ 4 ล้อ
รถตรวจการ",พร้อมปฏิบัติงาน,TOYOTA,ผจ 4251,19.834527,99.997833,30/4/2026,0899582111,
FP-107,น้ำแม่กกตอนต้น,เวียงชัย,02 ดอนศิลา,ทต.ดอนศิลา,รถบรรทุกน้ำ,"รถบรรทุกน้ำ
รถบรรทุกน้ำ ขนาด 10,000 ลิตร",พร้อมปฏิบัติงาน,MITSUBISHI,81-2103,19.834527,99.997833,30/4/2026,0899582111,
FP-108,น้ำแม่กกตอนต้น,เวียงชัย,02 ดอนศิลา,ทต.ดอนศิลา,รถดับเพลิง และอุปกรณ์,"รถดับเพลิง และอุปกรณ์
รถดับเพลิงอาคาร",พร้อมปฏิบัติงาน,HENO,82-3139,19.834527,99.997833,30/4/2026,0899582111,
FP-109,น้ำแม่กกตอนต้น,เวียงชัย,02 เมืองชุม,ทต.เมืองชุม,รถบรรทุกน้ำ,"รถบรรทุกน้ำ
-",พร้อมปฏิบัติงาน,ISUZU,82-2740,19.891295,99.966228,30/4/2026,053768461,
FP-110,น้ำแม่กกตอนต้น,เวียงชัย,02 เมืองชุม,ทต.เมืองชุม,รถดับเพลิง และอุปกรณ์,"รถดับเพลิง และอุปกรณ์
รถบรรทุกน้ำช่วยดับเพลิง",พร้อมปฏิบัติงาน,ISUZU,บย 5951 ชร,19.891295,99.966228,30/4/2026,,
FP-111,น้ำแม่กกตอนต้น,เวียงชัย,02 ผางาม,อบต.ผางาม,รถดับเพลิง และอุปกรณ์,"รถดับเพลิง และอุปกรณ์
-",พร้อมปฏิบัติงาน,อีซูซุ,บย 364,19.868808,100.053347,30/4/2026,0873034457,
FP-112,แม้น้ำอิง,เชียงของ,03 เวียง,ทต.เวียงเชียงของ,รถบรรทุกน้ำ,"รถบรรทุกน้ำ
-",พร้อมปฏิบัติงาน,MITSUBISHI,80-9269,20.258747,100.408092,30/4/2026,-,
FP-113,แม้น้ำอิง,เชียงของ,03 เวียง,ทต.เวียงเชียงของ,รถบรรทุกน้ำ,"รถบรรทุกน้ำ
-",พร้อมปฏิบัติงาน,อีซูซุ,บม 44,20.258747,100.408092,30/4/2026,-,
FP-114,แม้น้ำอิง,เชียงของ,03 เวียง,ทต.เวียงเชียงของ,รถบรรทุกขนาดเล็ก,"รถบรรทุกขนาดเล็ก
รถพยาบาล",พร้อมปฏิบัติงาน,FORD,นข 3800,20.258747,100.408092,30/4/2026,-,
FP-115,แม้น้ำอิง,เชียงของ,03 เวียง,ทต.เวียงเชียงของ,รถยนต์กู้ภัย พร้อมเครื่องมือ,"รถยนต์กู้ภัย พร้อมเครื่องมือ
รถยนต์กู้ภัยเคลื่อนที่เร็วพร้อมอุปกรณ์",พร้อมปฏิบัติงาน,อีซูซุ,บธ 1192,20.258747,100.408092,30/4/2026,-,
FP-116,แม้น้ำอิง,เชียงของ,03 เวียง,ทต.เวียงเชียงของ,รถดับเพลิง และอุปกรณ์,"รถดับเพลิง และอุปกรณ์
-",พร้อมปฏิบัติงาน,อีซูซุ,80-9158,20.258747,100.408092,30/4/2026,-,
FP-117,แม้น้ำอิง,เชียงของ,03 เวียง,ทต.เวียง,รถบรรทุกขนาดเล็ก,"รถบรรทุกขนาดเล็ก
รถบรรทุกขนาดเล็ก แบบที่นั่งตอนเดียว",พร้อมปฏิบัติงาน,Ford,บว 6526 ชร,20.256498,100.403263,30/4/2026,095-1472590,
FP-118,แม้น้ำอิง,เชียงของ,03 เวียง,ทต.เวียง,รถบรรทุกน้ำ,"รถบรรทุกน้ำ
รถบรรทุกน้ำ ขนาด 6,000 ลิตร",พร้อมปฏิบัติงาน,HINO,81-4078,20.256498,100.403263,30/4/2026,093-2808114,
FP-119,แม้น้ำอิง,เชียงของ,03 สถาน,ทต.สถาน,รถบรรทุกน้ำ,"รถบรรทุกน้ำ
รถบรรทุกน้ำ ขนาด 10,000 ลิตร",พร้อมปฏิบัติงาน,MITSUBISHI,ผจ4557,20.216442,100.379421,30/4/2026,0907581993,
FP-120,แม้น้ำอิง,เชียงของ,03 สถาน,ทต.สถาน,รถยนต์กู้ภัย พร้อมเครื่องมือ,"รถยนต์กู้ภัย พร้อมเครื่องมือ
รถยนต์กู้ภัยเอนกประสงค์พร้อมอุปกรณ์ (รถกู้ภัยขนาดกลาง)",พร้อมปฏิบัติงาน,TOYOTA,ขค-9657,20.216442,100.379421,30/4/2026,053791607,
FP-121,แม้น้ำอิง,เชียงของ,03 สถาน,ทต.สถาน,รถบรรทุกน้ำ,"รถบรรทุกน้ำ
รถบรรทุกน้ำ ขนาด 6,000 ลิตร",พร้อมปฏิบัติงาน,ISUZU,ผค-3115,20.216442,100.379421,30/4/2026,0907581993,
FP-122,แม้น้ำอิง,เชียงของ,03 ครึ่ง,ทต.ครึ่ง,รถบรรทุกน้ำ,"รถบรรทุกน้ำ
รถบรรทุกน้ำ ขนาด 10,000 ลิตร",พร้อมปฏิบัติงาน,ISUZU,ผต 8139 ชร,20.03486,100.378482,30/4/2026,0617925183,
FP-123,แม้น้ำอิง,เชียงของ,03 ครึ่ง,ทต.ครึ่ง,รถบรรทุกเทท้าย,"รถบรรทุกเทท้าย
รถบรรทุกเทท้าย แบบมีขอเกี่ยวยกกระบะ",พร้อมปฏิบัติงาน,็HINO,81-9367 ชร,20.03486,100.378482,30/4/2026,0617925183,
FP-124,แม้น้ำอิง,เชียงของ,03 ครึ่ง,ทต.ครึ่ง,รถบรรทุกขนาดเล็ก,"รถบรรทุกขนาดเล็ก
รถบรรทุกขนาดเล็ก แบบที่นั่งตอนเดียว",พร้อมปฏิบัติงาน,TOYOTA,บร 7248 ชร,20.03486,100.378482,30/4/2026,0656264512,
FP-125,แม้น้ำอิง,เชียงของ,03 ครึ่ง,ทต.ครึ่ง,รถบรรทุกน้ำ,"รถบรรทุกน้ำ
รถบรรทุกน้ำ ขนาด 6,000 ลิตร",พร้อมปฏิบัติงาน,Mitsubishi,บย 2803 ชร,20.03486,100.378482,30/4/2026,0909351008,
FP-126,แม้น้ำอิง,เชียงของ,03 บุญเรือง,ทต.บุญเรือง,รถบรรทุกน้ำ,"รถบรรทุกน้ำ
รถบรรทุกน้ำ ขนาด 6,000 ลิตร",พร้อมปฏิบัติงาน,้HINO,บย 4626,19.990106,100.332558,30/4/2026,-,
FP-127,แม้น้ำอิง,เชียงของ,03 บุญเรือง,ทต.บุญเรือง,รถบรรทุกขนาดกลาง-ใหญ่,"รถบรรทุกขนาดกลาง-ใหญ่
-",พร้อมปฏิบัติงาน,hino,81-3125,19.990106,100.332558,30/4/2026,-,
FP-128,แม้น้ำอิง,เชียงของ,03 บุญเรือง,ทต.บุญเรือง,รถบรรทุกน้ำ,"รถบรรทุกน้ำ
รถบรรทุกน้ำ ขนาด 6,000 ลิตร",พร้อมปฏิบัติงาน,ISUZU,บม 4033,19.990106,100.332558,30/4/2026,-,
FP-129,แม้น้ำอิง,เชียงของ,03 บุญเรือง,ทต.บุญเรือง,รถยนต์ 4 ล้อ,"รถยนต์ 4 ล้อ
รถยนต์เก๋ง",พร้อมปฏิบัติงาน,mitsubishi,กม9202,19.990106,100.332558,30/4/2026,-,
FP-130,แม้น้ำอิง,เชียงของ,03 บุญเรือง,ทต.บุญเรือง,รถบรรทุกน้ำ,"รถบรรทุกน้ำ
รถบรรทุกน้ำ ขนาด 5,000 ลิตร",พร้อมปฏิบัติงาน,ISUZU,80-9273,19.990106,100.332558,30/4/2026,-,
FP-131,แม้น้ำอิง,เชียงของ,03 ห้วยซ้อ,ทต.ห้วยซ้อ,รถบรรทุกน้ำ,"รถบรรทุกน้ำ
-",พร้อมปฏิบัติงาน,ISUZU,ผจ 4733,20.036656,100.289064,30/4/2026,053191550,
FP-132,แม้น้ำอิง,เชียงของ,03 ห้วยซ้อ,ทต.ห้วยซ้อ,รถบรรทุกน้ำ,"รถบรรทุกน้ำ
รถบรรทุกน้ำ ขนาด 6,000 ลิตร",พร้อมปฏิบัติงาน,HINO,บร 282,20.036656,100.289064,30/4/2026,053191550,
FP-133,แม้น้ำอิง,เชียงของ,03 ห้วยซ้อ,ทต.ห้วยซ้อ,รถยนต์ 4 ล้อ,"รถยนต์ 4 ล้อ
-",พร้อมปฏิบัติงาน,โตโยต้า,กย 3950,20.036656,100.289064,30/4/2026,053191550,
FP-134,แม้น้ำอิง,เชียงของ,03 ศรีดอนชัย,ทต.ศรีดอนชัย,รถบรรทุกน้ำ,"รถบรรทุกน้ำ
รถบรรทุกน้ำ ขนาด 6,000 ลิตร",พร้อมปฏิบัติงาน,ISUZU,บล 701 ชร.,20.139885,100.409508,30/4/2026,086-1898367,
FP-135,แม้น้ำอิง,เชียงของ,03 ศรีดอนชัย,ทต.ศรีดอนชัย,รถบรรทุกน้ำ,"รถบรรทุกน้ำ
-",พร้อมปฏิบัติงาน,ISUZU,82-4752,20.139885,100.409508,30/4/2026,0861898367,
FP-136,แม้น้ำอิง,เชียงของ,03 ศรีดอนชัย,ทต.ศรีดอนชัย,รถบรรทุกขนาดเล็ก,"รถบรรทุกขนาดเล็ก
รถบรรทุกขนาดเล็ก แบบที่นั่งตอนเดียว",พร้อมปฏิบัติงาน,FORD,บว 1737 ชร,20.139885,100.409508,30/4/2026,-,
FP-137,แม้น้ำอิง,เชียงของ,03 ศรีดอนชัย,ทต.ศรีดอนชัย,รถบรรทุกขนาดเล็ก,"รถบรรทุกขนาดเล็ก
รถบรรทุกขนาดเล็ก แบบที่นั่ง 2 ตอน",พร้อมปฏิบัติงาน,TOYOTA,กค 9212 ชร,20.139885,100.409508,30/4/2026,086-1983606,
FP-138,แม้น้ำอิง,เชียงของ,03 ริมโขง,อบต.ริมโขง,รถบรรทุกน้ำ,"รถบรรทุกน้ำ
-",พร้อมปฏิบัติงาน,Isuzu,บห9436,20.37278,100.35266,30/4/2026,-,
FP-139,แม้น้ำอิง,เทิง,04 เวียง,ทต.เวียงเทิง,รถยนต์ 4 ล้อ,"รถยนต์ 4 ล้อ
รถยนต์เก๋ง",พร้อมปฏิบัติงาน,นิสสัน,ผก1212,19.687132,100.189681,30/4/2026,-,
FP-140,แม้น้ำอิง,เทิง,04 เวียง,ทต.เวียงเทิง,รถจักรยานยนต์,"รถจักรยานยนต์
รถจักรยานยนต์",พร้อมปฏิบัติงาน,HONDA,ขรท1กภ-114,19.687132,100.189681,30/4/2026,-,
FP-141,แม้น้ำอิง,เทิง,04 เวียง,ทต.เวียงเทิง,รถยนต์กู้ภัย พร้อมเครื่องมือ,"รถยนต์กู้ภัย พร้อมเครื่องมือ
-",พร้อมปฏิบัติงาน,มิตซูบิชิ,กจ9646,19.687132,100.189681,30/4/2026,-,
FP-142,แม้น้ำอิง,เทิง,04 เวียง,ทต.เวียงเทิง,รถยนต์ 4 ล้อ,"รถยนต์ 4 ล้อ
รถตรวจการ",พร้อมปฏิบัติงาน,นิสสัน,บง8859,19.687132,100.189681,30/4/2026,-,
FP-143,แม้น้ำอิง,เทิง,04 เวียง,ทต.เวียงเทิง,รถบรรทุกน้ำ,"รถบรรทุกน้ำ
รถบรรทุกน้ำ ขนาด 6,000 ลิตร",พร้อมปฏิบัติงาน,มิตซูบิชิ,81-0613,19.687132,100.189681,30/4/2026,-,
FP-144,แม้น้ำอิง,เทิง,04 เวียง,ทต.เวียงเทิง,รถดับเพลิง และอุปกรณ์,"รถดับเพลิง และอุปกรณ์
รถดับเพลิงอาคาร",พร้อมปฏิบัติงาน,อีซูซุ,บก7197,19.687132,100.189681,30/4/2026,-,
FP-145,แม้น้ำอิง,เทิง,04 เวียง,ทต.เวียงเทิง,รถยนต์ 4 ล้อ,"รถยนต์ 4 ล้อ
รถตรวจการ",พร้อมปฏิบัติงาน,ฟอร์ด,กค7901,19.687132,100.189681,30/4/2026,-,
FP-146,แม้น้ำอิง,เทิง,04 เวียง,ทต.เวียงเทิง,รถยนต์ 4 ล้อ,"รถยนต์ 4 ล้อ
รถตรวจการ",พร้อมปฏิบัติงาน,มิตซูบิชิ,กฉ6332,19.687132,100.189681,30/4/2026,-,
FP-147,แม้น้ำอิง,เทิง,04 งิ้ว,ทต.งิ้ว,รถจักรยานยนต์,"รถจักรยานยนต์
รถจักรยานยนต์",พร้อมปฏิบัติงาน,yamaha,1กน2719,19.698884,100.10253,30/4/2026,-,
FP-148,แม้น้ำอิง,เทิง,04 งิ้ว,ทต.งิ้ว,รถยนต์กู้ภัย พร้อมเครื่องมือ,"รถยนต์กู้ภัย พร้อมเครื่องมือ
รถยนต์กู้ภัยเคลื่อนที่เร็วพร้อมอุปกรณ์",พร้อมปฏิบัติงาน,Toyota,นข 4319,19.698884,100.10253,30/4/2026,-,
FP-149,แม้น้ำอิง,เทิง,04 งิ้ว,ทต.งิ้ว,รถดับเพลิง และอุปกรณ์,"รถดับเพลิง และอุปกรณ์
รถบรรทุกน้ำช่วยดับเพลิง",พร้อมปฏิบัติงาน,ฮีโน่,บย2166,19.698884,100.10253,30/4/2026,-,
FP-150,แม้น้ำอิง,เทิง,04 ปล้อง,ทต.บ้านปล้อง,รถบรรทุกน้ำ,"รถบรรทุกน้ำ
รถบรรทุกน้ำ ขนาด 5,000 ลิตร",พร้อมปฏิบัติงาน,อีซูซุ,80-9403 ชร,19.660809,100.093389,30/4/2026,0884209258,
FP-151,แม้น้ำอิง,เทิง,04 ปล้อง,ทต.บ้านปล้อง,รถดับเพลิง และอุปกรณ์,"รถดับเพลิง และอุปกรณ์
รถดับเพลิงอาคาร",พร้อมปฏิบัติงาน,มิตซูบิชิ,บธ 9514 ชร,19.660809,100.093389,30/4/2026,0884209258,
FP-152,แม้น้ำอิง,เทิง,04 ปล้อง,ทต.บ้านปล้อง,รถดับเพลิง และอุปกรณ์,"รถดับเพลิง และอุปกรณ์
รถดับเพลิงอาคาร",พร้อมปฏิบัติงาน,มิตซูบิชิ,บธ 9513 ชร,19.660809,100.093389,30/4/2026,0884209258,
FP-153,แม้น้ำอิง,เทิง,04 ปล้อง,ทต.บ้านปล้อง,รถยนต์ 4 ล้อ,"รถยนต์ 4 ล้อ
รถตรวจการ",พร้อมปฏิบัติงาน,โตโยต้า,บล 5356 ชร,19.660809,100.093389,30/4/2026,0884209258,
FP-154,แม้น้ำอิง,เทิง,04 เชียงเคี่ยน,ทต.เชียงเคี่ยน,รถบรรทุกน้ำ,"รถบรรทุกน้ำ
รถบรรทุกน้ำ ขนาด 5,000 ลิตร",พร้อมปฏิบัติงาน,อีซูซุ,บร 1370 ชร,19.598868,99.963937,30/4/2026,0875659396,
FP-155,แม้น้ำอิง,เทิง,04 เชียงเคี่ยน,ทต.เชียงเคี่ยน,รถยนต์ 4 ล้อ,"รถยนต์ 4 ล้อ
รถตรวจการ",พร้อมปฏิบัติงาน,โตโยต้า,นข 6830 ชร,19.598868,99.963937,30/4/2026,0800310347,
FP-156,แม้น้ำอิง,เทิง,04 เชียงเคี่ยน,ทต.เชียงเคี่ยน,รถยนต์กู้ภัย พร้อมเครื่องมือ,"รถยนต์กู้ภัย พร้อมเครื่องมือ
รถยนต์กู้ภัยเอนกประสงค์พร้อมอุปกรณ์ (รถกู้ภัยขนาดกลาง)",พร้อมปฏิบัติงาน,เบนซ์,ขจ 7391 ชร,19.598868,99.963937,30/4/2026,0875659396,
FP-157,แม้น้ำอิง,เทิง,04 หงาว,ทต.หงาว,รถบรรทุกน้ำ,"รถบรรทุกน้ำ
รถบรรทุกน้ำ ขนาด 6,000 ลิตร",พร้อมปฏิบัติงาน,อีซูซุ,บล.8255 ชร,19.680481,100.25098,30/4/2026,-,
FP-158,แม้น้ำอิง,เทิง,04 หงาว,ทต.หงาว,รถยนต์ 4 ล้อ,"รถยนต์ 4 ล้อ
-",พร้อมปฏิบัติงาน,โตโยต้า,บห.8049 ชร,19.680481,100.25098,30/4/2026,-,
FP-159,แม้น้ำอิง,เทิง,04 สันทรายงาม,ทต.สันทรายงาม,รถยนต์ 4 ล้อ,"รถยนต์ 4 ล้อ
รถอำนวยการสื่อสาร",พร้อมปฏิบัติงาน,NISSAN,กอ 6575,19.72723,100.181876,30/4/2026,0897569727,
FP-160,แม้น้ำอิง,เทิง,04 สันทรายงาม,ทต.สันทรายงาม,รถยนต์ 4 ล้อ,"รถยนต์ 4 ล้อ
รถตรวจการ",พร้อมปฏิบัติงาน,maza,กจ 7101,19.72723,100.181876,30/4/2026,0947564674,
FP-161,แม้น้ำอิง,เทิง,04 สันทรายงาม,ทต.สันทรายงาม,รถบรรทุกน้ำ,"รถบรรทุกน้ำ
รถบรรทุกน้ำ ขนาด 6,000 ลิตร",พร้อมปฏิบัติงาน,ISUZU,บว 7776,19.72723,100.181876,30/4/2026,0897569727,
FP-162,แม้น้ำอิง,เทิง,04 สันทรายงาม,ทต.สันทรายงาม,รถยนต์ 4 ล้อ,"รถยนต์ 4 ล้อ
รถอำนวยการสื่อสาร",พร้อมปฏิบัติงาน,TOYOTA,ผข 9931,19.72723,100.181876,30/4/2026,0824825469,
FP-163,แม้น้ำอิง,เทิง,04 เวียง,อบต.เวียง,รถยนต์ 4 ล้อ,"รถยนต์ 4 ล้อ
รถตรวจการ",พร้อมปฏิบัติงาน,มาสด้า,บว 9402 ชร,19.704588,100.21457,30/4/2026,053-795-691,
FP-164,แม้น้ำอิง,เทิง,04 เวียง,อบต.เวียง,รถบรรทุกน้ำ,"รถบรรทุกน้ำ
รถบรรทุกน้ำ ขนาด 5,000 ลิตร",พร้อมปฏิบัติงาน,HINO,ผท6126,19.704588,100.21457,30/4/2026,053-727169,
FP-165,แม้น้ำอิง,เทิง,04 เวียง,อบต.เวียง,รถบรรทุกน้ำ,"รถบรรทุกน้ำ
รถบรรทุกน้ำ ขนาด 10,000 ลิตร",พร้อมปฏิบัติงาน,มิตซูบิซิ,-,19.704588,100.21457,30/4/2026,053-795-691,
FP-166,แม้น้ำอิง,เทิง,04 ปล้อง,อบต.ปล้อง,รถบรรทุกน้ำ,"รถบรรทุกน้ำ
รถบรรทุกน้ำ ขนาด 5,000 ลิตร",พร้อมปฏิบัติงาน,อีซูซุ,บว7003,19.64457,100.084903,30/4/2026,098-7477699,
FP-167,แม้น้ำอิง,เทิง,04 ปล้อง,อบต.ปล้อง,รถยนต์กู้ภัย พร้อมเครื่องมือ,"รถยนต์กู้ภัย พร้อมเครื่องมือ
รถยนต์กู้ภัยเคลื่อนที่เร็วพร้อมอุปกรณ์",พร้อมปฏิบัติงาน,โตโยต้า,บว9969,19.64457,100.084903,30/4/2026,097-9652490,
FP-168,แม้น้ำอิง,เทิง,04 แม่ลอย,อบต.แม่ลอย,รถบรรทุกน้ำ,"รถบรรทุกน้ำ
รถบรรทุกน้ำ ขนาด 6,000 ลิตร",พร้อมปฏิบัติงาน,Hino,ผน2184,19.584412,100.049751,30/4/2026,0812099774,
FP-169,แม้น้ำอิง,เทิง,04 แม่ลอย,อบต.แม่ลอย,รถยนต์ 4 ล้อ,"รถยนต์ 4 ล้อ
รถตรวจการ",พร้อมปฏิบัติงาน,TOYOTA,นข4957,19.584412,100.049751,30/4/2026,0812099774,
FP-170,แม้น้ำอิง,เทิง,04 ตับเต่า,อบต.ตับเต่า,รถบรรทุกขนาดเล็ก,"รถบรรทุกขนาดเล็ก
รถพยาบาล",พร้อมปฏิบัติงาน,โตโยต้า,กล-6891,19.784334,100.334307,30/4/2026,0817240052,
FP-171,แม้น้ำอิง,เทิง,04 หนองแรด,อบต.หนองแรด,รถบรรทุกน้ำ,"รถบรรทุกน้ำ
รถบรรทุกน้ำ ขนาด 6,000 ลิตร",พร้อมปฏิบัติงาน,HINO,บร 8631,19.628501,100.108748,30/4/2026,0807693115,
FP-172,แม้น้ำอิง,เทิง,04 หนองแรด,อบต.หนองแรด,รถยนต์กู้ภัย พร้อมเครื่องมือ,"รถยนต์กู้ภัย พร้อมเครื่องมือ
รถยนต์กู้ภัยเคลื่อนที่เร็วพร้อมอุปกรณ์",พร้อมปฏิบัติงาน,MITSUBISHI,บห 6104,19.628501,100.108748,30/4/2026,0807693115,
FP-173,น้ำแม่ลาว - น้ำแม่สรวย,พาน,05 สันมะเค็ด,ทต.สันมะเค็ด,รถยนต์กู้ภัย พร้อมเครื่องมือ,"รถยนต์กู้ภัย พร้อมเครื่องมือ
รถเครื่องช่วยหายใจพร้อมอุปกรณ์",พร้อมปฏิบัติงาน,โตโยต้า,กย 3715,19.607148,99.842019,30/4/2026,-,
FP-174,น้ำแม่ลาว - น้ำแม่สรวย,พาน,05 สันมะเค็ด,ทต.สันมะเค็ด,รถบรรทุกน้ำ,"รถบรรทุกน้ำ
รถบรรทุกน้ำ ขนาด 6,000 ลิตร",พร้อมปฏิบัติงาน,มิตซูบิชิ,บย 9252,19.607148,99.842019,30/4/2026,-,
FP-175,น้ำแม่ลาว - น้ำแม่สรวย,พาน,05 แม่อ้อ,ทต.แม่อ้อ,รถบรรทุกขนาดกลาง-ใหญ่,"รถบรรทุกขนาดกลาง-ใหญ่
-",พร้อมปฏิบัติงาน,MITSUBISHI FUSO,81-9214,19.658281,99.845573,30/4/2026,053160816,
FP-176,น้ำแม่ลาว - น้ำแม่สรวย,พาน,05 แม่อ้อ,ทต.แม่อ้อ,รถบรรทุกขนาดกลาง-ใหญ่,"รถบรรทุกขนาดกลาง-ใหญ่
รถบรรทุกขนาดใหญ่ ขนาด 6 ตัน 6 ล้อ",พร้อมปฏิบัติงาน,HINO,82-3865,19.658281,99.845573,30/4/2026,053160816 ต่อ 606,
FP-177,น้ำแม่ลาว - น้ำแม่สรวย,พาน,05 แม่อ้อ,ทต.แม่อ้อ,รถจักรยานยนต์,"รถจักรยานยนต์
รถจักรยานยนต์",พร้อมปฏิบัติงาน,HONDA,1กฎ1243,19.658281,99.845573,30/4/2026,053160816,
FP-178,น้ำแม่ลาว - น้ำแม่สรวย,พาน,05 แม่อ้อ,ทต.แม่อ้อ,รถยนต์ 4 ล้อ,"รถยนต์ 4 ล้อ
รถอำนวยการสื่อสาร",พร้อมปฏิบัติงาน,FORD,กล-3463,19.658281,99.845573,30/4/2026,053160816,
FP-179,น้ำแม่ลาว - น้ำแม่สรวย,พาน,05 แม่อ้อ,ทต.แม่อ้อ,รถบรรทุกน้ำ,"รถบรรทุกน้ำ
รถบรรทุกน้ำ ขนาด 5,000 ลิตร",พร้อมปฏิบัติงาน,NISSAN,81-3071,19.658281,99.845573,30/4/2026,053160816,
FP-180,น้ำแม่ลาว - น้ำแม่สรวย,พาน,05 แม่อ้อ,ทต.แม่อ้อ,รถแทรคเตอร์ตีนตะขาบขนาดใหญ่,"รถแทรคเตอร์ตีนตะขาบขนาดใหญ่
รถแทรคเตอร์ตีนตะขาบขนาดใหญ่ ขนาด 150 แรงม้าขึ้นไป",พร้อมปฏิบัติงาน,HYUNDAI,ตค 8176,19.658281,99.845573,30/4/2026,053160816,
FP-181,น้ำแม่ลาว - น้ำแม่สรวย,พาน,05 แม่อ้อ,ทต.แม่อ้อ,รถบรรทุกขนาดเล็ก,"รถบรรทุกขนาดเล็ก
รถตู้เอนกประสงค์",พร้อมปฏิบัติงาน,TOYOTA,นข 8593,19.658281,99.845573,30/4/2026,053160816,
FP-182,น้ำแม่ลาว - น้ำแม่สรวย,พาน,05 แม่อ้อ,ทต.แม่อ้อ,รถยนต์ 4 ล้อ,"รถยนต์ 4 ล้อ
รถอำนวยการสื่อสาร",พร้อมปฏิบัติงาน,TOYOTA,กง 5421,19.658281,99.845573,30/4/2026,053160816,
FP-183,น้ำแม่ลาว - น้ำแม่สรวย,พาน,05 เมืองพาน,ทต.เมืองพาน,รถบรรทุกน้ำ,"รถบรรทุกน้ำ
รถบรรทุกน้ำ ขนาด 5,000 ลิตร",พร้อมปฏิบัติงาน,มิตซูบิซิ,80-9777ชร,19.54816,99.746025,30/4/2026,053721471,
FP-184,น้ำแม่ลาว - น้ำแม่สรวย,พาน,05 เมืองพาน,ทต.เมืองพาน,รถดับเพลิง และอุปกรณ์,"รถดับเพลิง และอุปกรณ์
รถดับเพลิงอาคาร",พร้อมปฏิบัติงาน,มิตซูบิซิ,บม 3444 ชร,19.54816,99.746025,30/4/2026,053721471,
FP-185,น้ำแม่ลาว - น้ำแม่สรวย,พาน,05 เมืองพาน,ทต.เมืองพาน,รถดับเพลิง และอุปกรณ์,"รถดับเพลิง และอุปกรณ์
รถดับเพลิงอาคาร",พร้อมปฏิบัติงาน,มิตซูบิซิ,80-9634ชร,19.54816,99.746025,30/4/2026,053721471,
FP-186,น้ำแม่ลาว - น้ำแม่สรวย,พาน,05 เมืองพาน,ทต.เมืองพาน,รถบรรทุกขนาดเล็ก,"รถบรรทุกขนาดเล็ก
รถบรรทุกขนาดเล็กขับเคลื่อน 4 ล้อ แบบที่นั่งตอนครึ่ง (4x4)",พร้อมปฏิบัติงาน,มิตซูบิซิ,พ1595ชร,19.54816,99.746025,30/4/2026,-,
FP-187,น้ำแม่ลาว - น้ำแม่สรวย,พาน,05 เมืองพาน,ทต.เมืองพาน,รถดับเพลิง และอุปกรณ์,"รถดับเพลิง และอุปกรณ์
-",พร้อมปฏิบัติงาน,มิตซูบิซิ,ป-9055,19.54816,99.746025,30/4/2026,053721471,
FP-188,น้ำแม่ลาว - น้ำแม่สรวย,พาน,05 เมืองพาน,ทต.เมืองพาน,รถยนต์กู้ภัย พร้อมเครื่องมือ,"รถยนต์กู้ภัย พร้อมเครื่องมือ
รถยนต์กู้ภัยเคลื่อนที่เร็วพร้อมอุปกรณ์",พร้อมปฏิบัติงาน,มิตซูบิซิ,0,19.54816,99.746025,30/4/2026,053721471,
FP-189,น้ำแม่ลาว - น้ำแม่สรวย,พาน,05 ธารทอง,อบต.ธารทอง,รถบรรทุกน้ำ,"รถบรรทุกน้ำ
รถบรรทุกน้ำ ขนาด 6,000 ลิตร",พร้อมปฏิบัติงาน,MITSBISHI,บย 7155 ชร,19.713865,99.717326,30/4/2026,0903165639,
FP-190,น้ำแม่ลาว - น้ำแม่สรวย,พาน,05 ธารทอง,อบต.ธารทอง,รถยนต์กู้ภัย พร้อมเครื่องมือ,"รถยนต์กู้ภัย พร้อมเครื่องมือ
รถยนต์กู้ภัยเคลื่อนที่เร็วพร้อมอุปกรณ์",พร้อมปฏิบัติงาน,TOYOTA,กพ 2701 ชร,19.713865,99.717326,30/4/2026,0903165639,
FP-191,น้ำแม่ลาว - น้ำแม่สรวย,พาน,05 ธารทอง,อบต.ธารทอง,รถบรรทุกน้ำ,"รถบรรทุกน้ำ
รถบรรทุกน้ำ ขนาด 6,000 ลิตร",พร้อมปฏิบัติงาน,อีซูสุ,82-3847ขร,19.713865,99.717326,30/4/2026,0903165639,
FP-192,น้ำแม่ลาว - น้ำแม่สรวย,พาน,05 สันติสุข,อบต.สันติสุข,รถดับเพลิง และอุปกรณ์,"รถดับเพลิง และอุปกรณ์
รถดับเพลิงอาคาร",พร้อมปฏิบัติงาน,HINO,ผข 7432 ชร,19.572893,99.795171,30/4/2026,053722238,
FP-193,น้ำแม่ลาว - น้ำแม่สรวย,พาน,05 สันติสุข,อบต.สันติสุข,รถยนต์กู้ภัย พร้อมเครื่องมือ,"รถยนต์กู้ภัย พร้อมเครื่องมือ
รถอุปกรณ์กู้ภัยพร้อมเครน",พร้อมปฏิบัติงาน,HINO,82-0039 ชร,19.572893,99.795171,30/4/2026,-,
FP-194,น้ำแม่ลาว - น้ำแม่สรวย,พาน,05 ดอยงาม,อบต.ดอยงาม,รถยนต์ 4 ล้อ,"รถยนต์ 4 ล้อ
รถตรวจการ",พร้อมปฏิบัติงาน,TOYOTA,กง 1957 ชร,19.543242,99.817621,30/4/2026,0626422708,
FP-195,น้ำแม่ลาว - น้ำแม่สรวย,พาน,05 ดอยงาม,อบต.ดอยงาม,รถยนต์ 4 ล้อ,"รถยนต์ 4 ล้อ
รถตรวจการ",พร้อมปฏิบัติงาน,TOYOTA,กม 8498 ชร,19.543242,99.817621,30/4/2026,0810252048,
FP-196,น้ำแม่ลาว - น้ำแม่สรวย,พาน,05 ดอยงาม,อบต.ดอยงาม,รถบรรทุกน้ำ,"รถบรรทุกน้ำ
รถบรรทุกน้ำ ขนาด 6,000 ลิตร",พร้อมปฏิบัติงาน,HINO,81-7226 ชร,19.543242,99.817621,30/4/2026,0810252048,
FP-197,น้ำแม่ลาว - น้ำแม่สรวย,พาน,05 หัวง้ม,อบต.หัวง้ม,รถบรรทุกน้ำ,"รถบรรทุกน้ำ
รถบรรทุกน้ำ ขนาด 5,000 ลิตร",พร้อมปฏิบัติงาน,ISUZU,ผข913,19.535327,99.777411,30/4/2026,0654270734,
FP-198,น้ำแม่ลาว - น้ำแม่สรวย,พาน,05 เจริญเมือง,อบต.เจริญเมือง,รถดับเพลิง และอุปกรณ์,"รถดับเพลิง และอุปกรณ์
รถดับเพลิงอาคาร",พร้อมปฏิบัติงาน,Isuzu,ผค 9342 ชร,19.607456,99.754464,30/4/2026,0899553893,
FP-199,น้ำแม่ลาว - น้ำแม่สรวย,พาน,05 เจริญเมือง,อบต.เจริญเมือง,รถดับเพลิง และอุปกรณ์,"รถดับเพลิง และอุปกรณ์
รถดับเพลิงอาคาร",พร้อมปฏิบัติงาน,Isuzu,ผก 84 ชร,19.607456,99.754464,30/4/2026,0884073254,
FP-200,น้ำแม่ลาว - น้ำแม่สรวย,พาน,05 ป่าหุ่ง,อบต.ป่าหุ่ง,รถดับเพลิง และอุปกรณ์,"รถดับเพลิง และอุปกรณ์
-",พร้อมปฏิบัติงาน,ฮีโน,81-9741 ชร,19.567991,99.703153,30/4/2026,-,
FP-201,น้ำแม่ลาว - น้ำแม่สรวย,พาน,05 ป่าหุ่ง,อบต.ป่าหุ่ง,รถแทรคเตอร์ล้อยาง,"รถแทรคเตอร์ล้อยาง
รถแทรคเตอร์ล้อยาง แบบ INDUSTRIAL (ล้อหน้ายางขนาดใหญ่ ขับ 4 ล้อ)",พร้อมปฏิบัติงาน,ฮูนได,ตค 8097 ชร,19.567991,99.703153,30/4/2026,-,
FP-202,น้ำแม่ลาว - น้ำแม่สรวย,พาน,05 ป่าหุ่ง,อบต.ป่าหุ่ง,รถบรรทุกน้ำ,"รถบรรทุกน้ำ
รถบรรทุกน้ำ ขนาด 5,000 ลิตร",พร้อมปฏิบัติงาน,อีซูซุ,บห 6512,19.567991,99.703153,30/4/2026,-,
FP-203,น้ำแม่ลาว - น้ำแม่สรวย,พาน,05 ป่าหุ่ง,อบต.ป่าหุ่ง,รถดับเพลิง และอุปกรณ์,"รถดับเพลิง และอุปกรณ์
-",พร้อมปฏิบัติงาน,ISUZU,82-5271,19.567991,99.703153,30/4/2026,0808215742,
FP-204,น้ำแม่ลาว - น้ำแม่สรวย,พาน,05 ป่าหุ่ง,อบต.ป่าหุ่ง,รถยนต์ 4 ล้อ,"รถยนต์ 4 ล้อ
-",พร้อมปฏิบัติงาน,MITSUBISHI,กย-2634,19.567991,99.703153,30/4/2026,053676468,
FP-205,น้ำแม่ลาว - น้ำแม่สรวย,พาน,05 ป่าหุ่ง,อบต.ป่าหุ่ง,รถยนต์ 4 ล้อ,"รถยนต์ 4 ล้อ
-",พร้อมปฏิบัติงาน,Toyota,กท-1449,19.567991,99.703153,30/4/2026,053676468,
FP-206,น้ำแม่ลาว - น้ำแม่สรวย,พาน,05 ป่าหุ่ง,อบต.ป่าหุ่ง,รถบรรทุกน้ำ,"รถบรรทุกน้ำ
-",พร้อมปฏิบัติงาน,ISUZU,บห-6512,19.567991,99.703153,30/4/2026,053676468,
FP-207,น้ำแม่ลาว - น้ำแม่สรวย,พาน,05 ป่าหุ่ง,อบต.ป่าหุ่ง,รถยนต์ 4 ล้อ,"รถยนต์ 4 ล้อ
-",พร้อมปฏิบัติงาน,Toyota,นข-9090,19.567991,99.703153,30/4/2026,053676468,
FP-208,น้ำแม่ลาว - น้ำแม่สรวย,พาน,05 ป่าหุ่ง,อบต.ป่าหุ่ง,รถยนต์กู้ภัย พร้อมเครื่องมือ,"รถยนต์กู้ภัย พร้อมเครื่องมือ
รถยนต์กู้ภัยเคลื่อนที่เร็วพร้อมอุปกรณ์",พร้อมปฏิบัติงาน,โตโยต้า,กบ 6425 ชร,19.567991,99.703153,30/4/2026,-,
FP-209,น้ำแม่ลาว - น้ำแม่สรวย,พาน,05 ม่วงคำ,อบต.ม่วงคำ,รถบรรทุกน้ำ,"รถบรรทุกน้ำ
รถบรรทุกน้ำ ขนาด 5,000 ลิตร",พร้อมปฏิบัติงาน,ISUZU,บษ 3023,19.501137,99.746635,30/4/2026,0876208552,
FP-210,น้ำแม่ลาว - น้ำแม่สรวย,พาน,05 ม่วงคำ,อบต.ม่วงคำ,รถยนต์ 4 ล้อ,"รถยนต์ 4 ล้อ
-",พร้อมปฏิบัติงาน,MAZDA,กจ.4046,19.501137,99.746635,30/4/2026,0876208552,
FP-211,น้ำแม่ลาว - น้ำแม่สรวย,พาน,05 ม่วงคำ,อบต.ม่วงคำ,รถจักรยานยนต์,"รถจักรยานยนต์
-",พร้อมปฏิบัติงาน,SUZUKI,ขจว 979,19.501137,99.746635,30/4/2026,053635228,
FP-212,น้ำแม่ลาว - น้ำแม่สรวย,พาน,05 ม่วงคำ,อบต.ม่วงคำ,รถยนต์ 4 ล้อ,"รถยนต์ 4 ล้อ
-",พร้อมปฏิบัติงาน,TOYOTA,บย 2655,19.501137,99.746635,30/4/2026,0947574125,
FP-213,น้ำแม่ลาว - น้ำแม่สรวย,พาน,05 ม่วงคำ,อบต.ม่วงคำ,รถยนต์ 4 ล้อ,"รถยนต์ 4 ล้อ
-",พร้อมปฏิบัติงาน,TOYOTA,กอ 547,19.501137,99.746635,30/4/2026,0876208552,
FP-214,น้ำแม่ลาว - น้ำแม่สรวย,พาน,05 ม่วงคำ,อบต.ม่วงคำ,รถจักรยานยนต์,"รถจักรยานยนต์
-",พร้อมปฏิบัติงาน,HONDA,ขลพ 439,19.501137,99.746635,30/4/2026,0947574125,
FP-215,น้ำแม่ลาว - น้ำแม่สรวย,พาน,05 ม่วงคำ,อบต.ม่วงคำ,รถยนต์ 4 ล้อ,"รถยนต์ 4 ล้อ
-",พร้อมปฏิบัติงาน,TOYOTA,ขง 9264,19.501137,99.746635,30/4/2026,-,
FP-216,น้ำแม่ลาว - น้ำแม่สรวย,พาน,05 ม่วงคำ,อบต.ม่วงคำ,รถจักรยานยนต์,"รถจักรยานยนต์
รถจักรยานยนต์",พร้อมปฏิบัติงาน,HONDA,2กข8243,19.501137,99.746635,30/4/2026,-,
FP-217,น้ำแม่ลาว - น้ำแม่สรวย,พาน,05 ม่วงคำ,อบต.ม่วงคำ,รถยนต์ 4 ล้อ,"รถยนต์ 4 ล้อ
-",พร้อมปฏิบัติงาน,TOYOTA,ขง8864,19.501137,99.746635,30/4/2026,-,
FP-218,น้ำแม่ลาว - น้ำแม่สรวย,พาน,05 ม่วงคำ,อบต.ม่วงคำ,รถจักรยานยนต์,"รถจักรยานยนต์
-",พร้อมปฏิบัติงาน,HONDA,1 กน 9139,19.501137,99.746635,30/4/2026,0876208552,
FP-219,น้ำแม่ลาว - น้ำแม่สรวย,พาน,05 ม่วงคำ,อบต.ม่วงคำ,รถบรรทุกขนาดเล็ก,"รถบรรทุกขนาดเล็ก
รถบรรทุกขนาดเล็ก แบบที่นั่งตอนเดียว",พร้อมปฏิบัติงาน,ISUZU,400274,19.501137,99.746635,30/4/2026,-,
FP-220,น้ำแม่ลาว - น้ำแม่สรวย,พาน,05 ทรายขาว,อบต.ทรายขาว,รถยนต์ 4 ล้อ,"รถยนต์ 4 ล้อ
รถตรวจการ",พร้อมปฏิบัติงาน,รถอเนกประสงค์แบบเทท้าย,-,19.688569,99.724796,30/4/2026,064-6848196,
FP-221,น้ำแม่ลาว - น้ำแม่สรวย,พาน,05 ทรายขาว,อบต.ทรายขาว,รถบรรทุกขนาดกลาง-ใหญ่,"รถบรรทุกขนาดกลาง-ใหญ่
รถบรรทุกขนาดใหญ่ ขนาด 6 ตัน 6 ล้อ",พร้อมปฏิบัติงาน,HINO,82-0002 ชร,19.688569,99.724796,30/4/2026,646848196,
FP-222,น้ำแม่ลาว - น้ำแม่สรวย,พาน,05 ทรายขาว,อบต.ทรายขาว,รถยนต์ 4 ล้อ,"รถยนต์ 4 ล้อ
รถตรวจการ",พร้อมปฏิบัติงาน,รถอเนกประสงค์แบบเทท้าย,-,19.688569,99.724796,30/4/2026,064-6848196,
FP-223,น้ำแม่ลาว - น้ำแม่สรวย,พาน,05 ทรายขาว,อบต.ทรายขาว,รถไม่ระบุประเภท,"-
-",พร้อมปฏิบัติงาน,toyota,นค 918 ชร,19.688569,99.724796,30/4/2026,-,
FP-224,น้ำแม่ลาว - น้ำแม่สรวย,พาน,05 ทรายขาว,อบต.ทรายขาว,รถยนต์ 4 ล้อ,"รถยนต์ 4 ล้อ
รถจี๊ป",พร้อมปฏิบัติงาน,TOYOTA,นข 9432 ชร,19.688569,99.724796,30/4/2026,0892668609,
FP-225,น้ำแม่ลาว - น้ำแม่สรวย,พาน,05 ทรายขาว,อบต.ทรายขาว,รถดับเพลิง และอุปกรณ์,"รถดับเพลิง และอุปกรณ์
รถบรรทุกน้ำช่วยดับเพลิง",พร้อมปฏิบัติงาน,ISUZU,บห 9247 ชร,19.688569,99.724796,30/4/2026,0619849922,
FP-226,น้ำแม่ลาว - น้ำแม่สรวย,พาน,05 ทรายขาว,อบต.ทรายขาว,รถยนต์ 4 ล้อ,"รถยนต์ 4 ล้อ
รถตรวจการ",พร้อมปฏิบัติงาน,MAZDA,บน 1095 ชร,19.688569,99.724796,30/4/2026,0646848196,
FP-227,น้ำแม่ลาว - น้ำแม่สรวย,พาน,05 ทรายขาว,อบต.ทรายขาว,รถจักรยานยนต์,"รถจักรยานยนต์
รถจักรยานยนต์",พร้อมปฏิบัติงาน,HONDA,ขษข 144 ชร,19.688569,99.724796,30/4/2026,0892668609,
FP-228,น้ำแม่ลาว - น้ำแม่สรวย,พาน,05 ทรายขาว,อบต.ทรายขาว,รถยนต์ 4 ล้อ,"รถยนต์ 4 ล้อ
รถจี๊ป",พร้อมปฏิบัติงาน,TOYOTA,นข 8208 ชร,19.688569,99.724796,30/4/2026,0892668609,
FP-229,น้ำแม่ลาว - น้ำแม่สรวย,พาน,05 ทรายขาว,อบต.ทรายขาว,รถดับเพลิง และอุปกรณ์,"รถดับเพลิง และอุปกรณ์
รถบรรทุกน้ำช่วยดับเพลิง",พร้อมปฏิบัติงาน,HINO,บพ 8050 ชร,19.688569,99.724796,30/4/2026,0619849922,
FP-230,น้ำแม่ลาว - น้ำแม่สรวย,พาน,05 ทรายขาว,อบต.ทรายขาว,รถยนต์ 4 ล้อ,"รถยนต์ 4 ล้อ
รถตรวจการ",พร้อมปฏิบัติงาน,MAZDA,กจ 4467 ชร,19.688569,99.724796,30/4/2026,0892668609,
FP-231,น้ำแม่ลาว - น้ำแม่สรวย,พาน,05 ทรายขาว,อบต.ทรายขาว,รถจักรยานยนต์,"รถจักรยานยนต์
รถจักรยานยนต์",พร้อมปฏิบัติงาน,HONDA,คฉค-244 ชร,19.688569,99.724796,30/4/2026,0910695915,
FP-232,น้ำแม่ลาว - น้ำแม่สรวย,พาน,05 ทรายขาว,อบต.ทรายขาว,รถยนต์ 4 ล้อ,"รถยนต์ 4 ล้อ
รถตรวจการ",พร้อมปฏิบัติงาน,FORD,กล 5975 ชร,19.688569,99.724796,30/4/2026,0892668609,
FP-233,น้ำแม่ลาว - น้ำแม่สรวย,พาน,05 สันกลาง,อบต.สันกลาง,รถจักรยานยนต์,"รถจักรยานยนต์
รถจักรยานยนต์",พร้อมปฏิบัติงาน,dream,ชลก569,19.588299,99.703935,30/4/2026,0954452081,
FP-234,น้ำแม่ลาว - น้ำแม่สรวย,พาน,05 สันกลาง,อบต.สันกลาง,รถจักรยานยนต์,"รถจักรยานยนต์
รถจักรยานยนต์",พร้อมปฏิบัติงาน,hl125fs,1กค6220,19.588299,99.703935,30/4/2026,0952646359,
FP-235,น้ำแม่ลาว - น้ำแม่สรวย,พาน,05 สันกลาง,อบต.สันกลาง,รถยนต์ 4 ล้อ,"รถยนต์ 4 ล้อ
รถตรวจการ",พร้อมปฏิบัติงาน,HIACE,ผค775,19.588299,99.703935,30/4/2026,888065484,
FP-236,น้ำแม่ลาว - น้ำแม่สรวย,พาน,05 สันกลาง,อบต.สันกลาง,รถยนต์ 4 ล้อ,"รถยนต์ 4 ล้อ
รถตรวจการ",พร้อมปฏิบัติงาน,Hilux Revo,กว 7610,19.588299,99.703935,30/4/2026,085-7122844,
FP-237,น้ำแม่ลาว - น้ำแม่สรวย,พาน,05 สันกลาง,อบต.สันกลาง,รถยนต์ 4 ล้อ,"รถยนต์ 4 ล้อ
รถตรวจการ",พร้อมปฏิบัติงาน,um71raa (2003),กง6728,19.588299,99.703935,30/4/2026,0857173692,
FP-238,น้ำแม่ลาว - น้ำแม่สรวย,พาน,05 สันกลาง,อบต.สันกลาง,รถขุดตักไฮดรอลิค,"รถขุดตักไฮดรอลิค
รถขุดตักไฮดรอลิค",พร้อมปฏิบัติงาน,robex 110-7,ตค8164,19.588299,99.703935,30/4/2026,0895325738,
FP-239,น้ำแม่ลาว - น้ำแม่สรวย,พาน,05 สันกลาง,อบต.สันกลาง,รถบรรทุกน้ำ,"รถบรรทุกน้ำ
รถบรรทุกน้ำ ขนาด 6,000 ลิตร",พร้อมปฏิบัติงาน,nmr85h5fah,บล2426,19.588299,99.703935,30/4/2026,0807195427,
FP-240,น้ำแม่ลาว - น้ำแม่สรวย,พาน,05 แม่เย็น,อบต.แม่เย็น,รถยนต์กู้ภัย พร้อมเครื่องมือ,"รถยนต์กู้ภัย พร้อมเครื่องมือ
รถยนต์กู้ภัยเคลื่อนที่เร็วพร้อมอุปกรณ์",พร้อมปฏิบัติงาน,โตโยต้า,กน.1233ชร,19.452361,99.755718,30/4/2026,0907609918,
FP-241,น้ำแม่ลาว - น้ำแม่สรวย,พาน,05 แม่เย็น,อบต.แม่เย็น,รถเครนขนาดใหญ่,"รถเครนขนาดใหญ่
รถเครนขนาดใหญ่บรรเทาสาธารณภัย",พร้อมปฏิบัติงาน,มิตซูบิชิ,81-6721,19.452361,99.755718,30/4/2026,0838620990,
FP-242,น้ำแม่ลาว - น้ำแม่สรวย,พาน,05 แม่เย็น,อบต.แม่เย็น,รถขุดตักไฮดรอลิค,"รถขุดตักไฮดรอลิค
รถขุดตักไฮดรอลิค",พร้อมปฏิบัติงาน,ฮุนได,ตฆ.671ชร,19.452361,99.755718,30/4/2026,0838620990,
FP-243,น้ำแม่ลาว - น้ำแม่สรวย,พาน,05 แม่เย็น,อบต.แม่เย็น,รถบรรทุกน้ำ,"รถบรรทุกน้ำ
รถบรรทุกน้ำ ขนาด 6,000 ลิตร",พร้อมปฏิบัติงาน,นิสสัน,บษ.9234,19.452361,99.755718,30/4/2026,0907609918,
FP-244,น้ำแม่ลาว - น้ำแม่สรวย,พาน,05 แม่เย็น,อบต.แม่เย็น,รถยนต์ 4 ล้อ,"รถยนต์ 4 ล้อ
รถยนต์เก๋ง",พร้อมปฏิบัติงาน,มิตซูบิชิ,กฉ.1409 ชร,19.452361,99.755718,30/4/2026,0864421899,
FP-245,น้ำแม่ลาว - น้ำแม่สรวย,พาน,05 แม่เย็น,อบต.แม่เย็น,รถยนต์ 4 ล้อ,"รถยนต์ 4 ล้อ
รถตรวจการ",พร้อมปฏิบัติงาน,โตโยต้า,ผน.2091,19.452361,99.755718,30/4/2026,0864421899,
FP-246,น้ำแม่ลาว - น้ำแม่สรวย,พาน,05 แม่เย็น,อบต.แม่เย็น,รถยนต์กู้ภัย พร้อมเครื่องมือ,"รถยนต์กู้ภัย พร้อมเครื่องมือ
รถยนต์กู้ภัยเคลื่อนที่เร็วพร้อมอุปกรณ์",พร้อมปฏิบัติงาน,โตโยต้า,ขต.2670,19.452361,99.755718,30/4/2026,0864421899,
FP-247,น้ำแม่ลาว - น้ำแม่สรวย,พาน,05 แม่เย็น,อบต.แม่เย็น,รถยนต์ 4 ล้อ,"รถยนต์ 4 ล้อ
รถตรวจการ",พร้อมปฏิบัติงาน,โตโยต้า,3440,19.452361,99.755718,30/4/2026,0924694619,
FP-248,น้ำแม่ลาว - น้ำแม่สรวย,พาน,05 เมืองพาน,อบต.เมืองพาน,รถจักรยานยนต์,"รถจักรยานยนต์
รถจักรยานยนต์",พร้อมปฏิบัติงาน,Honda,ขษธ-683,19.549416,99.756965,30/4/2026,-,
FP-249,น้ำแม่ลาว - น้ำแม่สรวย,พาน,05 เมืองพาน,อบต.เมืองพาน,รถบรรทุกขนาดกลาง-ใหญ่,"รถบรรทุกขนาดกลาง-ใหญ่
รถบรรทุกขนาดใหญ่ ขนาด 6 ตัน 6 ล้อ",พร้อมปฏิบัติงาน,-,81-4107,19.549416,99.756965,30/4/2026,-,
FP-250,น้ำแม่ลาว - น้ำแม่สรวย,พาน,05 เมืองพาน,อบต.เมืองพาน,รถบรรทุกน้ำ,"รถบรรทุกน้ำ
รถบรรทุกน้ำ ขนาด 6,000 ลิตร",พร้อมปฏิบัติงาน,ISUZU,บษ-6682,19.549416,99.756965,30/4/2026,-,
FP-251,น้ำแม่ลาว - น้ำแม่สรวย,พาน,05 เมืองพาน,อบต.เมืองพาน,รถบรรทุกขนาดเล็ก,"รถบรรทุกขนาดเล็ก
รถบรรทุกขนาดเล็ก แบบที่นั่ง 2 ตอน",พร้อมปฏิบัติงาน,TOYOTA,กจ-4841,19.549416,99.756965,30/4/2026,-,
FP-252,น้ำแม่ลาว - น้ำแม่สรวย,พาน,05 เมืองพาน,อบต.เมืองพาน,รถบรรทุกขนาดเล็ก,"รถบรรทุกขนาดเล็ก
รถบรรทุกขนาดเล็ก แบบที่นั่ง 2 ตอน",พร้อมปฏิบัติงาน,-,บห-9005,19.549416,99.756965,30/4/2026,-,
FP-253,น้ำแม่ลาว - น้ำแม่สรวย,พาน,05 เมืองพาน,อบต.เมืองพาน,รถยนต์กู้ภัย พร้อมเครื่องมือ,"รถยนต์กู้ภัย พร้อมเครื่องมือ
รถยนต์กู้ภัยเคลื่อนที่เร็วพร้อมอุปกรณ์",พร้อมปฏิบัติงาน,-,นข-4456,19.549416,99.756965,30/4/2026,-,
FP-254,น้ำแม่ลาว - น้ำแม่สรวย,พาน,05 เมืองพาน,อบต.เมืองพาน,รถจักรยานยนต์,"รถจักรยานยนต์
รถจักรยานยนต์",พร้อมปฏิบัติงาน,Honda,คนฉ-453,19.549416,99.756965,30/4/2026,-,
FP-255,น้ำแม่ลาว - น้ำแม่สรวย,พาน,05 เมืองพาน,อบต.เมืองพาน,รถจักรยานยนต์,"รถจักรยานยนต์
รถจักรยานยนต์",พร้อมปฏิบัติงาน,Honda,ขลต-178,19.549416,99.756965,30/4/2026,-,
FP-256,น้ำแม่ลาว - น้ำแม่สรวย,พาน,05 เมืองพาน,อบต.เมืองพาน,รถจักรยานยนต์,"รถจักรยานยนต์
รถจักรยานยนต์",พร้อมปฏิบัติงาน,SUZUKI,ขฉค-103,19.549416,99.756965,30/4/2026,-,
FP-257,น้ำแม่ลาว - น้ำแม่สรวย,พาน,05 ทานตะวัน,อบต.ทานตะวัน,รถบรรทุกขนาดกลาง-ใหญ่,"รถบรรทุกขนาดกลาง-ใหญ่
รถบรรทุกขนาดกลาง ขนาด 4 ตัน 4 ล้อ หรือ 6 ล้อ",พร้อมปฏิบัติงาน,NISSAN,82-4680,19.488986,99.794577,30/4/2026,0951048983,
FP-258,น้ำแม่ลาว - น้ำแม่สรวย,พาน,05 ทานตะวัน,อบต.ทานตะวัน,รถบรรทุกน้ำ,"รถบรรทุกน้ำ
รถบรรทุกน้ำ ขนาด 6,000 ลิตร",พร้อมปฏิบัติงาน,ISUZU,บว4386,19.488986,99.794577,30/4/2026,053160972-108,
FP-259,น้ำแม่ลาว - น้ำแม่สรวย,พาน,05 เวียงห้าว,อบต.เวียงห้าว,รถบรรทุกน้ำ,"รถบรรทุกน้ำ
รถบรรทุกน้ำ ขนาด 6,000 ลิตร",พร้อมปฏิบัติงาน,TOYOTA,บร 4320 ชร,19.524808,99.853498,30/4/2026,053-721022,
FP-260,น้ำแม่ลาว - น้ำแม่สรวย,พาน,05 เวียงห้าว,อบต.เวียงห้าว,รถบรรทุกขนาดเล็ก,"รถบรรทุกขนาดเล็ก
รถบรรทุกขนาดเล็ก แบบที่นั่งตอนเดียว",พร้อมปฏิบัติงาน,HINO,82-0810 ชร,19.524808,99.853498,30/4/2026,082-3901164,
FP-261,น้ำแม่ลาว - น้ำแม่สรวย,พาน,05 เวียงห้าว,อบต.เวียงห้าว,รถยนต์ 4 ล้อ,"รถยนต์ 4 ล้อ
-",พร้อมปฏิบัติงาน,TOYOTA,ขก 752 ชร,19.524808,99.853498,30/4/2026,094-6358111,
FP-262,น้ำแม่ลาว - น้ำแม่สรวย,พาน,05 เวียงห้าว,อบต.เวียงห้าว,รถยนต์ 4 ล้อ,"รถยนต์ 4 ล้อ
รถตรวจการ",พร้อมปฏิบัติงาน,TOYOTA,บย 7386 ชร,19.524808,99.853498,30/4/2026,053-721022,
FP-263,แม้น้ำอิง,ป่าแดด,06 ป่าแดด,ทต.ป่าแดด,รถยนต์ 4 ล้อ,"รถยนต์ 4 ล้อ
-",พร้อมปฏิบัติงาน,มาสด้า,บพ 6346,19.494749,99.99546,30/4/2026,053-761038 ต่อ 11,
FP-264,แม้น้ำอิง,ป่าแดด,06 ป่าแดด,ทต.ป่าแดด,รถจักรยานยนต์,"รถจักรยานยนต์
รถจักรยานยนต์",พร้อมปฏิบัติงาน,ฮอนด้า,คมค 709,19.494749,99.99546,30/4/2026,053-761038 ต่อ 22,
FP-265,แม้น้ำอิง,ป่าแดด,06 ป่าแดด,ทต.ป่าแดด,รถดับเพลิง และอุปกรณ์,"รถดับเพลิง และอุปกรณ์
รถดับเพลิงอาคาร",พร้อมปฏิบัติงาน,มิชูบิซิ,บท 4668,19.494749,99.99546,30/4/2026,053-761038 ต่อ 11,
FP-266,แม้น้ำอิง,ป่าแดด,06 ป่าแดด,ทต.ป่าแดด,รถยนต์ 4 ล้อ,"รถยนต์ 4 ล้อ
-",พร้อมปฏิบัติงาน,มิชูบิซิ,กค 6442,19.494749,99.99546,30/4/2026,053-761038 ต่อ 24,
FP-267,แม้น้ำอิง,ป่าแดด,06 ป่าแดด,ทต.ป่าแดด,รถยนต์ 4 ล้อ,"รถยนต์ 4 ล้อ
-",พร้อมปฏิบัติงาน,มาสด้า,กง 7810,19.494749,99.99546,30/4/2026,053-761038 ต่อ 11,
FP-268,แม้น้ำอิง,ป่าแดด,06 ป่าแดด,ทต.ป่าแดด,รถยนต์ 4 ล้อ,"รถยนต์ 4 ล้อ
-",พร้อมปฏิบัติงาน,โตโยต้า,กล 6082,19.494749,99.99546,30/4/2026,053-761038 ต่อ 11,
FP-269,แม้น้ำอิง,ป่าแดด,06 ป่าแดด,ทต.ป่าแดด,รถยนต์ 4 ล้อ,"รถยนต์ 4 ล้อ
-",พร้อมปฏิบัติงาน,นิสสัน,o- 4349,19.494749,99.99546,30/4/2026,053-761038 ต่อ 11,
FP-270,แม้น้ำอิง,ป่าแดด,06 ป่าแดด,ทต.ป่าแดด,รถจักรยานยนต์,"รถจักรยานยนต์
รถจักรยานยนต์",พร้อมปฏิบัติงาน,ยามาฮ่า,กคพ 453,19.494749,99.99546,30/4/2026,053-761038 ต่อ 11,
FP-271,แม้น้ำอิง,ป่าแดด,06 ป่าแดด,ทต.ป่าแดด,รถจักรยานยนต์,"รถจักรยานยนต์
รถจักรยานยนต์",พร้อมปฏิบัติงาน,ฮอนด้า,1กฐ 580,19.494749,99.99546,30/4/2026,053-761038 ต่อ 26,
FP-272,แม้น้ำอิง,ป่าแดด,06 ป่าแดด,ทต.ป่าแดด,รถจักรยานยนต์,"รถจักรยานยนต์
รถจักรยานยนต์",พร้อมปฏิบัติงาน,ยามาฮ่า,ขมง 639,19.494749,99.99546,30/4/2026,053-761038 ต่อ 11,
FP-273,แม้น้ำอิง,ป่าแดด,06 ป่าแดด,ทต.ป่าแดด,รถแทรคเตอร์ล้อยาง,"รถแทรคเตอร์ล้อยาง
รถแทรคเตอร์ล้อยาง",พร้อมปฏิบัติงาน,SHANTUI,ตค 1904,19.494749,99.99546,30/4/2026,053-761038 ต่อ 24,
FP-274,แม้น้ำอิง,ป่าแดด,06 ป่าแดด,ทต.ป่าแดด,รถบรรทุกน้ำ,"รถบรรทุกน้ำ
รถบรรทุกน้ำ ขนาด 5,000 ลิตร",พร้อมปฏิบัติงาน,มิชูบิซิ,81-2471,19.494749,99.99546,30/4/2026,053-761038 ต่อ 11,
FP-275,แม้น้ำอิง,ป่าแดด,06 ป่าแดด,ทต.ป่าแดด,รถบรรทุกเทซ้าย,"รถบรรทุกเทซ้าย
รถบรรทุกเทท้าย แบบมีขอเกี่ยวยกกระบะ",พร้อมปฏิบัติงาน,มิชูบิซิ,80-9268,19.494749,99.99546,30/4/2026,053-761038 ต่อ 24,
FP-276,แม้น้ำอิง,ป่าแดด,06 ป่าแงะ,ทต.ป่าแงะ,รถไม่ระบุประเภท,"-
-",พร้อมปฏิบัติงาน,MITSUBISHI,บม 6169,19.563642,99.962091,30/4/2026,0620365417,
FP-277,แม้น้ำอิง,ป่าแดด,06 ป่าแงะ,ทต.ป่าแงะ,รถไม่ระบุประเภท,"-
-",พร้อมปฏิบัติงาน,HINO,บบ 3606,19.563642,99.962091,30/4/2026,0804991358,
FP-278,แม้น้ำอิง,ป่าแดด,06 ป่าแงะ,ทต.ป่าแงะ,รถไม่ระบุประเภท,"-
-",พร้อมปฏิบัติงาน,TOYOTA,บม 541,19.563642,99.962091,30/4/2026,087-5763603,
FP-279,แม้น้ำอิง,ป่าแดด,06 สันมะค่า,ทต.สันมะค่า,รถบรรทุกน้ำ,"รถบรรทุกน้ำ
รถบรรทุกน้ำ ขนาด 10,000 ลิตร",พร้อมปฏิบัติงาน,MITSUBISHI,80-9745,19.447855,100.024398,30/4/2026,052-029699,
FP-280,แม้น้ำอิง,ป่าแดด,06 สันมะค่า,ทต.สันมะค่า,รถดับเพลิง และอุปกรณ์,"รถดับเพลิง และอุปกรณ์
รถบรรทุกน้ำช่วยดับเพลิง",พร้อมปฏิบัติงาน,ฮีโน่,ผต 3528,19.447855,100.024398,30/4/2026,052-029699,
FP-281,แม้น้ำอิง,ป่าแดด,06 สันมะค่า,ทต.สันมะค่า,รถยนต์กู้ภัย พร้อมเครื่องมือ,"รถยนต์กู้ภัย พร้อมเครื่องมือ
รถยนต์กู้ภัยเคลื่อนที่เร็วพร้อมอุปกรณ์",พร้อมปฏิบัติงาน,MITSUBISHI,ผข 5435 ชร,19.447855,100.024398,30/4/2026,052-029699,
FP-282,แม้น้ำอิง,ป่าแดด,06 โรงช้าง,ทต.โรงช้าง,รถบรรทุกน้ำ,"รถบรรทุกน้ำ
รถบรรทุกน้ำ ขนาด 6,000 ลิตร",พร้อมปฏิบัติงาน,ISUZU,ผข 8285,19.493313,99.958167,30/4/2026,0914783800,
FP-283,แม้น้ำอิง,ป่าแดด,06 โรงช้าง,ทต.โรงช้าง,รถยนต์ 4 ล้อ,"รถยนต์ 4 ล้อ
รถตรวจการ",พร้อมปฏิบัติงาน,TOYOTA,ผท 1067,19.493313,99.958167,30/4/2026,0830702924,
FP-284,แม้น้ำอิง,ป่าแดด,06 โรงช้าง,ทต.โรงช้าง,รถยนต์กู้ภัย พร้อมเครื่องมือ,"รถยนต์กู้ภัย พร้อมเครื่องมือ
รถยนต์กู้ภัยเคลื่อนที่เร็วพร้อมอุปกรณ์",พร้อมปฏิบัติงาน,MITSUBISHI,บห 7174,19.493313,99.958167,30/4/2026,0986639276,
FP-285,แม้น้ำอิง,ป่าแดด,06 ศรีโพธิ์เงิน,ทต.ศรีโพธิ์เงิน,รถไม่ระบุประเภท,"-
-",พร้อมปฏิบัติงาน,HONDA,1 กฌ 4781,19.444359,99.972453,30/4/2026,-,
FP-286,แม้น้ำอิง,ป่าแดด,06 ศรีโพธิ์เงิน,ทต.ศรีโพธิ์เงิน,รถไม่ระบุประเภท,"-
-",พร้อมปฏิบัติงาน,FORD,บล 6229,19.444359,99.972453,30/4/2026,-,
FP-287,แม้น้ำอิง,ป่าแดด,06 ศรีโพธิ์เงิน,ทต.ศรีโพธิ์เงิน,รถไม่ระบุประเภท,"-
-",พร้อมปฏิบัติงาน,ISUZU,81-8543,19.444359,99.972453,30/4/2026,-,
FP-288,แม้น้ำอิง,ป่าแดด,06 ศรีโพธิ์เงิน,ทต.ศรีโพธิ์เงิน,รถไม่ระบุประเภท,"-
-",พร้อมปฏิบัติงาน,ISUZU,บร 9537,19.444359,99.972453,30/4/2026,-,
FP-289,แม้น้ำอิง,ป่าแดด,06 ศรีโพธิ์เงิน,ทต.ศรีโพธิ์เงิน,รถไม่ระบุประเภท,"-
-",พร้อมปฏิบัติงาน,HONDA,ขรย 358,19.444359,99.972453,30/4/2026,-,
FP-290,แม้น้ำอิง,ป่าแดด,06 ศรีโพธิ์เงิน,ทต.ศรีโพธิ์เงิน,รถไม่ระบุประเภท,"-
-",พร้อมปฏิบัติงาน,MITSUBISHI,กม 5323,19.444359,99.972453,30/4/2026,-,
FP-291,แม้น้ำอิง,ป่าแดด,06 ศรีโพธิ์เงิน,ทต.ศรีโพธิ์เงิน,รถไม่ระบุประเภท,"-
-",พร้อมปฏิบัติงาน,mazda,บม 8029,19.444359,99.972453,30/4/2026,-,
FP-292,น้ำคำ - น้ำแม่จัน,แม่จัน,07 แม่จัน,ทต.แม่จัน,รถดับเพลิง และอุปกรณ์,"รถดับเพลิง และอุปกรณ์
รถบรรทุกน้ำช่วยดับเพลิง",พร้อมปฏิบัติงาน,ISUZU,80-9166,20.139596,99.857442,30/4/2026,053771566,
FP-293,น้ำคำ - น้ำแม่จัน,แม่จัน,07 แม่จัน,ทต.แม่จัน,รถยนต์ 4 ล้อ,"รถยนต์ 4 ล้อ
รถตรวจการ",พร้อมปฏิบัติงาน,TOYOTA,บล 1178,20.139596,99.857442,30/4/2026,053771566,
FP-294,น้ำคำ - น้ำแม่จัน,แม่จัน,07 แม่จัน,ทต.แม่จัน,รถยนต์กู้ภัย พร้อมเครื่องมือ,"รถยนต์กู้ภัย พร้อมเครื่องมือ
รถยนต์กู้ภัยเคลื่อนที่เร็วพร้อมอุปกรณ์",พร้อมปฏิบัติงาน,MITSUBISHI,80-9794,20.139596,99.857442,30/4/2026,053771566,
FP-295,น้ำคำ - น้ำแม่จัน,แม่จัน,07 แม่จัน,ทต.แม่จัน,รถบรรทุกน้ำ,"รถบรรทุกน้ำ
รถบรรทุกน้ำ ขนาด 6,000 ลิตร",พร้อมปฏิบัติงาน,ISUZU,บว 6339,20.139596,99.857442,30/4/2026,053771566,
FP-296,น้ำคำ - น้ำแม่จัน,แม่จัน,07 แม่จัน,ทต.แม่จัน,รถบรรทุกน้ำ,"รถบรรทุกน้ำ
รถบรรทุกน้ำ ขนาด 6,000 ลิตร",พร้อมปฏิบัติงาน,ISUZU,80-9164,20.139596,99.857442,30/4/2026,053771566,
FP-297,น้ำคำ - น้ำแม่จัน,แม่จัน,07 จันจว้าใต้,ทต.จันจว้า,รถบรรทุกขนาดกลาง-ใหญ่,"รถบรรทุกขนาดกลาง-ใหญ่
รถบรรทุกขนาดใหญ่ ขนาด 6 ตัน 6 ล้อ",พร้อมปฏิบัติงาน,มิตซูบิตซิ,ป7923ชร.,20.224909,99.947394,30/4/2026,053771566,
FP-298,น้ำคำ - น้ำแม่จัน,แม่จัน,07 จันจว้าใต้,ทต.จันจว้า,รถยนต์ 4 ล้อ,"รถยนต์ 4 ล้อ
รถตรวจการ",พร้อมปฏิบัติงาน,มิตซูบิซิ,กจ.9967,20.224909,99.947394,30/4/2026,053771566,
FP-299,น้ำคำ - น้ำแม่จัน,แม่จัน,07 จันจว้าใต้,ทต.จันจว้า,รถบรรทุกขนาดกลาง-ใหญ่,"รถบรรทุกขนาดกลาง-ใหญ่
รถบรรทุกขนาดใหญ่ ขนาด 6 ตัน 6 ล้อ",พร้อมปฏิบัติงาน,มิตซูบิซิ,80-9693,20.224909,99.947394,30/4/2026,053771566,
FP-300,น้ำคำ - น้ำแม่จัน,แม่จัน,07 จันจว้าใต้,ทต.จันจว้า,รถบรรทุกขนาดกลาง-ใหญ่,"รถบรรทุกขนาดกลาง-ใหญ่
รถบรรทุกขนาดใหญ่ ขนาด 12 ตัน 10 ล้อ",พร้อมปฏิบัติงาน,มิตซูบิซิ,บล-9297,20.224909,99.947394,30/4/2026,053771566,
FP-301,น้ำคำ - น้ำแม่จัน,แม่จัน,07 จันจว้าใต้,ทต.จันจว้า,รถไม่ระบุประเภท,"-
-",พร้อมปฏิบัติงาน,โตโยต้า,บว.3814,20.224909,99.947394,30/4/2026,053771566,
FP-302,น้ำคำ - น้ำแม่จัน,แม่จัน,07 แม่คำ,ทต.แม่คำ,รถดับเพลิง และอุปกรณ์,"รถดับเพลิง และอุปกรณ์
รถดับเพลิงอาคาร",พร้อมปฏิบัติงาน,มิตซูบิชิ,80-9111 ชร,20.217751,99.850032,30/4/2026,053-779198,
FP-303,น้ำคำ - น้ำแม่จัน,แม่จัน,07 แม่คำ,ทต.แม่คำ,รถยนต์กู้ภัย พร้อมเครื่องมือ,"รถยนต์กู้ภัย พร้อมเครื่องมือ
รถยนต์กู้ภัยเคลื่อนที่เร็วพร้อมอุปกรณ์",พร้อมปฏิบัติงาน,โตโยต้า,ผข-1526 ชร,20.217751,99.850032,30/4/2026,053-779198,
FP-304,น้ำคำ - น้ำแม่จัน,แม่จัน,07 แม่คำ,ทต.สายน้ำคำ,รถบรรทุกน้ำ,"รถบรรทุกน้ำ
-",พร้อมปฏิบัติงาน,HINO,ผค 5850,20.235819,99.890196,30/4/2026,053779088,
FP-305,น้ำคำ - น้ำแม่จัน,แม่จัน,07 ป่าซาง,ทต.ป่าซาง,รถยนต์ 4 ล้อ,"รถยนต์ 4 ล้อ
-",พร้อมปฏิบัติงาน,โตโยต้า,บย 581,20.182365,99.832193,30/4/2026,-,
FP-306,น้ำคำ - น้ำแม่จัน,แม่จัน,07 ป่าซาง,ทต.ป่าซาง,รถบรรทุกน้ำ,"รถบรรทุกน้ำ
-",พร้อมปฏิบัติงาน,อีซูซุ,บม 2181,20.182365,99.832193,30/4/2026,-,
FP-307,น้ำคำ - น้ำแม่จัน,แม่จัน,07 สันทราย,ทต.สันทราย,รถไม่ระบุประเภท,"-
-",พร้อมปฏิบัติงาน,โตโยต้า,กล 257,20.173269,99.887399,30/4/2026,0891911259,
FP-308,น้ำคำ - น้ำแม่จัน,แม่จัน,07 สันทราย,ทต.สันทราย,รถยนต์ 4 ล้อ,"รถยนต์ 4 ล้อ
รถตรวจการ",พร้อมปฏิบัติงาน,ฟอร์ด,บม 5846,20.173269,99.887399,30/4/2026,0821688481,
FP-309,น้ำคำ - น้ำแม่จัน,แม่จัน,07 สันทราย,ทต.สันทราย,รถจักรยานยนต์,"รถจักรยานยนต์
รถจักรยานยนต์",พร้อมปฏิบัติงาน,Honda,1กศ 6802,20.173269,99.887399,30/4/2026,0835660559,
FP-310,น้ำคำ - น้ำแม่จัน,แม่จัน,07 สันทราย,ทต.สันทราย,รถบรรทุกน้ำ,"รถบรรทุกน้ำ
รถบรรทุกน้ำ ขนาด 6,000 ลิตร",พร้อมปฏิบัติงาน,มิตรซู,บม 7741,20.173269,99.887399,30/4/2026,0875778815,
FP-311,น้ำคำ - น้ำแม่จัน,แม่จัน,07 สันทราย,ทต.จอมจันทร์,รถบรรทุกน้ำ,"รถบรรทุกน้ำ
รถบรรทุกน้ำ ขนาด 6,000 ลิตร",พร้อมปฏิบัติงาน,HINO,บร2804,20.176696,99.905008,30/4/2026,053-160821,
FP-312,น้ำคำ - น้ำแม่จัน,แม่จัน,07 ท่าข้าวเปลือก,ทต.ท่าข้าวเปลือก,รถยนต์ 4 ล้อ,"รถยนต์ 4 ล้อ
รถตรวจการ",พร้อมปฏิบัติงาน,FORD,กค 9087,20.164596,99.968565,30/4/2026,0816036182,
FP-313,น้ำคำ - น้ำแม่จัน,แม่จัน,07 ท่าข้าวเปลือก,ทต.ท่าข้าวเปลือก,รถบรรทุกน้ำ,"รถบรรทุกน้ำ
รถบรรทุกน้ำ ขนาด 6,000 ลิตร",พร้อมปฏิบัติงาน,ISUZU,81-1218,20.164596,99.968565,30/4/2026,0816036182,
FP-314,น้ำคำ - น้ำแม่จัน,แม่จัน,07 ท่าข้าวเปลือก,ทต.ท่าข้าวเปลือก,รถดับเพลิง และอุปกรณ์,"รถดับเพลิง และอุปกรณ์
รถดับเพลิงโฟมและเคมี",พร้อมปฏิบัติงาน,ISUZU,ผค 6774,20.164596,99.968565,30/4/2026,0816036182,
FP-315,น้ำคำ - น้ำแม่จัน,แม่จัน,07 ท่าข้าวเปลือก,ทต.ท่าข้าวเปลือก,รถยนต์ 4 ล้อ,"รถยนต์ 4 ล้อ
รถตรวจการ",พร้อมปฏิบัติงาน,MITSUBISHI,ผก 8110,20.164596,99.968565,30/4/2026,0816036182,
FP-316,น้ำคำ - น้ำแม่จัน,แม่จัน,07 ท่าข้าวเปลือก,ทต.ท่าข้าวเปลือก,รถบรรทุกขนาดกลาง-ใหญ่,"รถบรรทุกขนาดกลาง-ใหญ่
รถบรรทุกขนาดกลาง ขนาด 4 ตัน 4 ล้อ หรือ 6 ล้อ",พร้อมปฏิบัติงาน,HINO,82-0754,20.164596,99.968565,30/4/2026,0817961919,
FP-317,น้ำคำ - น้ำแม่จัน,แม่จัน,07 แม่ไร่,ทต.แม่ไร่,รถจักรยานยนต์,"รถจักรยานยนต์
รถจักรยานยนต์",พร้อมปฏิบัติงาน,HONDA,1กล7889,20.250361,99.857553,30/4/2026,-,
FP-318,น้ำคำ - น้ำแม่จัน,แม่จัน,07 แม่ไร่,ทต.แม่ไร่,รถยนต์ 4 ล้อ,"รถยนต์ 4 ล้อ
-",พร้อมปฏิบัติงาน,TOYOTA,กต5517,20.250361,99.857553,30/4/2026,-,
FP-319,น้ำคำ - น้ำแม่จัน,แม่จัน,07 แม่ไร่,ทต.แม่ไร่,รถดับเพลิง และอุปกรณ์,"รถดับเพลิง และอุปกรณ์
-",พร้อมปฏิบัติงาน,MITSUBISHI,บม6937,20.250361,99.857553,30/4/2026,-,
FP-320,น้ำคำ - น้ำแม่จัน,แม่จัน,07 แม่ไร่,ทต.แม่ไร่,รถยนต์ 4 ล้อ,"รถยนต์ 4 ล้อ
-",พร้อมปฏิบัติงาน,TOYOTA,ขก6668,20.250361,99.857553,30/4/2026,-,
FP-321,น้ำคำ - น้ำแม่จัน,แม่จัน,07 แม่ไร่,ทต.แม่ไร่,รถยนต์กู้ภัย พร้อมเครื่องมือ,"รถยนต์กู้ภัย พร้อมเครื่องมือ
รถยนต์กู้ภัยเคลื่อนที่เร็วพร้อมอุปกรณ์",พร้อมปฏิบัติงาน,TOYOTA,กม3936,20.250361,99.857553,30/4/2026,-,
FP-322,น้ำคำ - น้ำแม่จัน,แม่จัน,07 แม่ไร่,ทต.แม่ไร่,รถยนต์ 4 ล้อ,"รถยนต์ 4 ล้อ
-",พร้อมปฏิบัติงาน,MITSUBISHI,กจ3349,20.250361,99.857553,30/4/2026,-,
FP-323,น้ำคำ - น้ำแม่จัน,แม่จัน,07 แม่จัน,อบต.แม่จัน,รถบรรทุกน้ำ,"รถบรรทุกน้ำ
รถบรรทุกน้ำ ขนาด 6,000 ลิตร",พร้อมปฏิบัติงาน,HINO,บร 7638,20.133262,99.862937,30/4/2026,0979763354,
FP-324,น้ำคำ - น้ำแม่จัน,แม่จัน,07 แม่จัน,อบต.แม่จัน,รถยนต์ 4 ล้อ,"รถยนต์ 4 ล้อ
รถตรวจการ",พร้อมปฏิบัติงาน,TOYOTA,กย5976,20.133262,99.862937,30/4/2026,053660782,
FP-325,น้ำคำ - น้ำแม่จัน,แม่จัน,07 แม่จัน,อบต.แม่จัน,รถบรรทุกขนาดเล็ก,"รถบรรทุกขนาดเล็ก
-",พร้อมปฏิบัติงาน,HINO,823312,20.133262,99.862937,30/4/2026,053660782,
FP-326,น้ำคำ - น้ำแม่จัน,แม่จัน,07 แม่จัน,อบต.แม่จัน,รถยนต์ 4 ล้อ,"รถยนต์ 4 ล้อ
รถตรวจการ",พร้อมปฏิบัติงาน,TOYOTA,บร1477,20.133262,99.862937,30/4/2026,053660782,
FP-327,น้ำคำ - น้ำแม่จัน,แม่จัน,07 แม่จัน,อบต.แม่จัน,รถยนต์ 4 ล้อ,"รถยนต์ 4 ล้อ
รถตรวจการ",พร้อมปฏิบัติงาน,TOYOTA,กง  8138,20.133262,99.862937,30/4/2026,053660782,
FP-328,น้ำคำ - น้ำแม่จัน,แม่จัน,07 จอมสวรรค์,อบต.จอมสวรรค์,รถจักรยานยนต์,"รถจักรยานยนต์
รถจักรยานยนต์",พร้อมปฏิบัติงาน,HANDA  สีขาว,1กง3740ชร,20.196981,99.918008,30/4/2026,053775200,
FP-329,น้ำคำ - น้ำแม่จัน,แม่จัน,07 จอมสวรรค์,อบต.จอมสวรรค์,รถบรรทุกขนาดเล็ก,"รถบรรทุกขนาดเล็ก
รถบรรทุกขนาดเล็ก แบบที่นั่ง 2 ตอน",พร้อมปฏิบัติงาน,MITSUBISHI สีดำ,กพ 8876 ชร,20.196981,99.918008,30/4/2026,053775054,
FP-330,น้ำคำ - น้ำแม่จัน,แม่จัน,07 จอมสวรรค์,อบต.จอมสวรรค์,รถจักรยานยนต์,"รถจักรยานยนต์
รถจักรยานยนต์",พร้อมปฏิบัติงาน,ยี่ห้อ HANDA  สี น้ำเงิน,คกฉ 409 ชร,20.196981,99.918008,30/4/2026,053775054,
FP-331,น้ำคำ - น้ำแม่จัน,แม่จัน,07 จอมสวรรค์,อบต.จอมสวรรค์,รถบรรทุกขนาดเล็ก,"รถบรรทุกขนาดเล็ก
รถบรรทุกขนาดเล็ก แบบที่นั่ง 2 ตอน",พร้อมปฏิบัติงาน,MAZDA  สีเทา,กง 7702 ชร,20.196981,99.918008,30/4/2026,053775054,
FP-332,น้ำคำ - น้ำแม่จัน,แม่จัน,07 จอมสวรรค์,อบต.จอมสวรรค์,รถจักรยานยนต์,"รถจักรยานยนต์
รถจักรยานยนต์",พร้อมปฏิบัติงาน,ซูซูกิ สีแดง,ขจท 898 ชร,20.196981,99.918008,30/4/2026,053775054,
FP-333,น้ำแม่กกตอนปลาย - แม่น้ำโขง,เชียงแสน,08 เวียง,ทต.เวียงเชียงแสน,รถไม่ระบุประเภท,"-
-",พร้อมปฏิบัติงาน,มิตซูบิชิ,ป 5574 ชร,20.266246,100.083242,30/4/2026,053-777081,
FP-334,น้ำแม่กกตอนปลาย - แม่น้ำโขง,เชียงแสน,08 เวียง,ทต.เวียงเชียงแสน,รถบรรทุกน้ำ,"รถบรรทุกน้ำ
รถบรรทุกน้ำ ขนาด 10,000 ลิตร",พร้อมปฏิบัติงาน,มิตซูบิชิ,บย 6302 เช,20.266246,100.083242,30/4/2026,053777081,
FP-335,น้ำแม่กกตอนปลาย - แม่น้ำโขง,เชียงแสน,08 เวียง,ทต.เวียงเชียงแสน,รถบรรทุกน้ำ,"รถบรรทุกน้ำ
รถบรรทุกน้ำ ขนาด 5,000 ลิตร",พร้อมปฏิบัติงาน,มิตซูบิชิ,80-9521ชร,20.266246,100.083242,30/4/2026,053-777081,
FP-336,น้ำแม่กกตอนปลาย - แม่น้ำโขง,เชียงแสน,08 เวียง,ทต.เวียง,รถดับเพลิง และอุปกรณ์,"รถดับเพลิง และอุปกรณ์
รถบรรทุกน้ำช่วยดับเพลิง",พร้อมปฏิบัติงาน,isuzu,บห 215,20.285816,100.082329,30/4/2026,053650803,
FP-337,น้ำแม่กกตอนปลาย - แม่น้ำโขง,เชียงแสน,08 เวียง,ทต.เวียง,รถแทรคเตอร์ตีนตะขาบขนาดกลาง,"รถแทรคเตอร์ตีนตะขาบขนาดกลาง
รถแทรคเตอร์ตีนตะขาบขนาดกลาง ขนาดต่ำกว่า 150 แรงม้า",พร้อมปฏิบัติงาน,hyundai,98 8742,20.285816,100.082329,30/4/2026,-,
FP-338,น้ำแม่กกตอนปลาย - แม่น้ำโขง,เชียงแสน,08 เวียง,ทต.เวียง,รถเครนขนาดใหญ่,"รถเครนขนาดใหญ่
รถเครนขนาดใหญ่บรรเทาสาธารณภัย",พร้อมปฏิบัติงาน,isuzu,81-8672,20.285816,100.082329,30/4/2026,053650803,
FP-339,น้ำแม่กกตอนปลาย - แม่น้ำโขง,เชียงแสน,08 บ้านแซว,ทต.บ้านแซว,รถบรรทุกน้ำ,"รถบรรทุกน้ำ
รถบรรทุกน้ำ ขนาด 6,000 ลิตร",พร้อมปฏิบัติงาน,HINO,บว7505,20.255668,100.183588,30/4/2026,-,
FP-340,น้ำแม่กกตอนปลาย - แม่น้ำโขง,เชียงแสน,08 บ้านแซว,ทต.บ้านแซว,รถยนต์ 4 ล้อ,"รถยนต์ 4 ล้อ
รถตรวจการ",พร้อมปฏิบัติงาน,FORD,ผจ2644,20.255668,100.183588,30/4/2026,-,
FP-341,น้ำแม่กกตอนปลาย - แม่น้ำโขง,เชียงแสน,08 บ้านแซว,ทต.บ้านแซว,รถบรรทุกน้ำ,"รถบรรทุกน้ำ
รถบรรทุกน้ำ ขนาด 6,000 ลิตร",พร้อมปฏิบัติงาน,HINO,ผท4547,20.255668,100.183588,30/4/2026,-,
FP-342,น้ำแม่กกตอนปลาย - แม่น้ำโขง,เชียงแสน,08 แม่เงิน,ทต.แม่เงิน,รถบรรทุกน้ำ,"รถบรรทุกน้ำ
รถบรรทุกน้ำ ขนาด 6,000 ลิตร",พร้อมปฏิบัติงาน,อีซูซุ,7795,20.310899,100.232666,30/4/2026,0965403024,
FP-343,น้ำแม่กกตอนปลาย - แม่น้ำโขง,เชียงแสน,08 โยนก,ทต.โยนก,รถบรรทุกน้ำ,"รถบรรทุกน้ำ
รถบรรทุกน้ำ ขนาด 6,000 ลิตร",พร้อมปฏิบัติงาน,Isuzu,บม5261,20.240067,100.067803,30/4/2026,0846095145,
FP-344,น้ำแม่กกตอนปลาย - แม่น้ำโขง,เชียงแสน,08 ป่าสัก,อบต.ป่าสัก,รถยนต์ 4 ล้อ,"รถยนต์ 4 ล้อ
รถตรวจการ",พร้อมปฏิบัติงาน,ฮอนด้า (สีเทา),กค8154,20.276122,99.991314,30/4/2026,053955050,
FP-345,น้ำแม่กกตอนปลาย - แม่น้ำโขง,เชียงแสน,08 ป่าสัก,อบต.ป่าสัก,รถบรรทุกขนาดเล็ก,"รถบรรทุกขนาดเล็ก
รถบรรทุกขนาดเล็กขับเคลื่อน 4 ล้อ แบบที่นั่ง 2 ตอน (4x4)",พร้อมปฏิบัติงาน,มิตซูบิชิ (สีแดง),81-9977,20.276122,99.991314,30/4/2026,053955050,
FP-346,น้ำแม่กกตอนปลาย - แม่น้ำโขง,เชียงแสน,08 ป่าสัก,อบต.ป่าสัก,รถยนต์ 4 ล้อ,"รถยนต์ 4 ล้อ
รถตรวจการ",พร้อมปฏิบัติงาน,มาสด้า,กต7213,20.276122,99.991314,30/4/2026,053955050,
FP-347,น้ำแม่กกตอนปลาย - แม่น้ำโขง,เชียงแสน,08 ป่าสัก,อบต.ป่าสัก,รถบรรทุกขนาดใหญ่,"รถบรรทุกขนาดใหญ่
รถบรรทุกขนาดใหญ่ ขนาด 6 ตัน 6 ล้อ ติดตั้งปั้นจั่น ขนาดน้อยกว่า 6 ตัน",พร้อมปฏิบัติงาน,มิตซูบิชิ (ทีเทาไทเทเนียม),82-0813,20.276122,99.991314,30/4/2026,053955050,
FP-348,น้ำแม่กกตอนปลาย - แม่น้ำโขง,เชียงแสน,08 ป่าสัก,อบต.ป่าสัก,รถจักรยานยนต์,"รถจักรยานยนต์
-",พร้อมปฏิบัติงาน,ฮอนด้าดรีม (สีดำ),ขษพ 589,20.276122,99.991314,30/4/2026,053955050,
FP-349,น้ำแม่กกตอนปลาย - แม่น้ำโขง,เชียงแสน,08 ป่าสัก,อบต.ป่าสัก,รถจักรยานยนต์,"รถจักรยานยนต์
รถจักรยานยนต์",พร้อมปฏิบัติงาน,ฮอนด้าเวฟ (สีดำแดง),1 กก 7964,20.276122,99.991314,30/4/2026,053955050,
FP-350,น้ำแม่กกตอนปลาย - แม่น้ำโขง,เชียงแสน,08 ป่าสัก,อบต.ป่าสัก,รถยนต์ 4 ล้อ,"รถยนต์ 4 ล้อ
รถตรวจการ",พร้อมปฏิบัติงาน,TOYOTA,นข 6729,20.276122,99.991314,30/4/2026,053955050,
FP-351,น้ำแม่กกตอนปลาย - แม่น้ำโขง,เชียงแสน,08 ป่าสัก,อบต.ป่าสัก,รถยนต์ 4 ล้อ,"รถยนต์ 4 ล้อ
รถตรวจการ",พร้อมปฏิบัติงาน,TOYOTA,ขข 4071,20.276122,99.991314,30/4/2026,053995050,
FP-352,น้ำแม่กกตอนปลาย - แม่น้ำโขง,เชียงแสน,08 ป่าสัก,อบต.ป่าสัก,รถบรรทุกน้ำ,"รถบรรทุกน้ำ
-",พร้อมปฏิบัติงาน,มิตซูบิชิ (สีแดง),บษ1521,20.276122,99.991314,30/4/2026,053955050,
FP-353,น้ำแม่กกตอนปลาย - แม่น้ำโขง,เชียงแสน,08 ป่าสัก,อบต.ป่าสัก,รถดับเพลิง และอุปกรณ์,"รถดับเพลิง และอุปกรณ์
รถบรรทุกน้ำช่วยดับเพลิง",พร้อมปฏิบัติงาน,รถดับเพลิงมิตซูบิชิ,บร9945,20.276122,99.991314,30/4/2026,053955050,
FP-354,น้ำแม่กกตอนปลาย - แม่น้ำโขง,เชียงแสน,08 ป่าสัก,อบต.ป่าสัก,รถจักรยานยนต์,"รถจักรยานยนต์
-",พร้อมปฏิบัติงาน,ฮอนด้าเวฟ (สีดำแดง),1 กด 3565,20.276122,99.991314,30/4/2026,053955050,
FP-355,น้ำแม่กกตอนปลาย - แม่น้ำโขง,เชียงแสน,08 ป่าสัก,อบต.ป่าสัก,รถยนต์ 4 ล้อ,"รถยนต์ 4 ล้อ
-",พร้อมปฏิบัติงาน,มิตซูบิชิ,กย5768,20.276122,99.991314,30/4/2026,053955050,
FP-356,น้ำแม่กกตอนปลาย - แม่น้ำโขง,เชียงแสน,08 ศรีดอนมูล,อบต.ศรีดอนมูล,รถบรรทุกน้ำ,"รถบรรทุกน้ำ
รถบรรทุกน้ำ ขนาด 6,000 ลิตร",พร้อมปฏิบัติงาน,HINO,บย-2943,20.311278,99.995193,30/4/2026,"053-955863 , 053-955532",
FP-357,น้ำแม่กกตอนปลาย - แม่น้ำโขง,เชียงแสน,08 ศรีดอนมูล,อบต.ศรีดอนมูล,รถยนต์ 4 ล้อ,"รถยนต์ 4 ล้อ
รถตรวจการ",พร้อมปฏิบัติงาน,TOYOTA,กษ 2276,20.311278,99.995193,30/4/2026,053-955532,
FP-358,น้ำแม่กกตอนปลาย - แม่น้ำโขง,เชียงแสน,08 ศรีดอนมูล,อบต.ศรีดอนมูล,รถยนต์ 4 ล้อ,"รถยนต์ 4 ล้อ
รถตรวจการ",พร้อมปฏิบัติงาน,MAZDA,กง 1513,20.311278,99.995193,30/4/2026,053955532,
FP-359,น้ำแม่กกตอนปลาย - แม่น้ำโขง,เชียงแสน,08 ศรีดอนมูล,อบต.ศรีดอนมูล,รถแทรคเตอร์ตีนตะขาบขนาดใหญ่,"รถแทรคเตอร์ตีนตะขาบขนาดใหญ่
รถแทรคเตอร์ตีนตะขาบขนาดใหญ่ ขนาด 150 แรงม้าขึ้นไป",พร้อมปฏิบัติงาน,POWERPLUS,ตค 9605,20.311278,99.995193,30/4/2026,053-955532,
FP-360,น้ำแม่กกตอนปลาย - แม่น้ำโขง,เชียงแสน,08 ศรีดอนมูล,อบต.ศรีดอนมูล,รถจักรยานยนต์,"รถจักรยานยนต์
รถจักรยานยนต์",พร้อมปฏิบัติงาน,HONDA,คพจ 212,20.311278,99.995193,30/4/2026,053-955532,
FP-361,น้ำแม่กกตอนปลาย - แม่น้ำโขง,เชียงแสน,08 ศรีดอนมูล,อบต.ศรีดอนมูล,รถยนต์ 4 ล้อ,"รถยนต์ 4 ล้อ
รถตรวจการ",พร้อมปฏิบัติงาน,NISSAN,กอ 7298,20.311278,99.995193,30/4/2026,053-955532,
FP-362,น้ำแม่กกตอนปลาย - แม่น้ำโขง,เชียงแสน,08 ศรีดอนมูล,อบต.ศรีดอนมูล,รถยนต์ 4 ล้อ,"รถยนต์ 4 ล้อ
รถตรวจการ",พร้อมปฏิบัติงาน,MAZDA,กธ 3075,20.311278,99.995193,30/4/2026,053-955532,
FP-363,แม่น้ำสาย,แม่สาย,09 แม่สาย,ทต.แม่สาย,รถยนต์ 4 ล้อ,"รถยนต์ 4 ล้อ
รถตรวจการ",พร้อมปฏิบัติงาน,isuzu,กค 9522,20.426598,99.884083,30/4/2026,-,
FP-364,แม่น้ำสาย,แม่สาย,09 แม่สาย,ทต.แม่สาย,รถจักรยานยนต์,"รถจักรยานยนต์
รถจักรยานยนต์",พร้อมปฏิบัติงาน,honda,คกษ478,20.426598,99.884083,30/4/2026,053733123,
FP-365,แม่น้ำสาย,แม่สาย,09 แม่สาย,ทต.แม่สาย,รถดับเพลิง และอุปกรณ์,"รถดับเพลิง และอุปกรณ์
รถดับเพลิงชนิดหอน้ำพร้อมบันไดและอุปกรณ์",พร้อมปฏิบัติงาน,-,ผค3966,20.426598,99.884083,30/4/2026,053733123,
FP-366,แม่น้ำสาย,แม่สาย,09 แม่สาย,ทต.แม่สาย,รถดับเพลิง และอุปกรณ์,"รถดับเพลิง และอุปกรณ์
รถบรรทุกน้ำช่วยดับเพลิง",พร้อมปฏิบัติงาน,-,บม4706,20.426598,99.884083,30/4/2026,053733123,
FP-367,แม่น้ำสาย,แม่สาย,09 แม่สาย,ทต.แม่สาย,รถดับเพลิง และอุปกรณ์,"รถดับเพลิง และอุปกรณ์
รถบรรทุกน้ำช่วยดับเพลิง",พร้อมปฏิบัติงาน,isuzu,82-4495,20.426598,99.884083,30/4/2026,053733123,
FP-368,แม่น้ำสาย,แม่สาย,09 แม่สาย,ทต.แม่สาย,รถดับเพลิง และอุปกรณ์,"รถดับเพลิง และอุปกรณ์
รถดับเพลิงชนิดหอน้ำพร้อมบันไดและอุปกรณ์",พร้อมปฏิบัติงาน,-,ผต5237,20.426598,99.884083,30/4/2026,053733123,
FP-369,แม่น้ำสาย,แม่สาย,09 แม่สาย,ทต.แม่สาย,รถดับเพลิง และอุปกรณ์,"รถดับเพลิง และอุปกรณ์
รถดับเพลิงชนิดหอน้ำพร้อมบันไดและอุปกรณ์",พร้อมปฏิบัติงาน,-,ผข2755,20.426598,99.884083,30/4/2026,053733123,
FP-370,แม่น้ำสาย,แม่สาย,09 แม่สาย,ทต.แม่สาย,รถดับเพลิง และอุปกรณ์,"รถดับเพลิง และอุปกรณ์
รถดับเพลิงโฟมและเคมี",พร้อมปฏิบัติงาน,-,บบ2262,20.426598,99.884083,30/4/2026,053733123,
FP-371,แม่น้ำสาย,แม่สาย,09 แม่สาย,ทต.แม่สาย,รถดับเพลิง และอุปกรณ์,"รถดับเพลิง และอุปกรณ์
รถบรรทุกน้ำช่วยดับเพลิง",พร้อมปฏิบัติงาน,-,80-9401,20.426598,99.884083,30/4/2026,053733123,
FP-372,แม่น้ำสาย,แม่สาย,09 แม่สาย,ทต.แม่สาย,รถดับเพลิง และอุปกรณ์,"รถดับเพลิง และอุปกรณ์
รถบรรทุกน้ำช่วยดับเพลิง",พร้อมปฏิบัติงาน,-,บจ3747,20.426598,99.884083,30/4/2026,053733123,
FP-373,แม่น้ำสาย,แม่สาย,09 แม่สาย,ทต.แม่สาย,รถไม่ระบุประเภท,"-
-",พร้อมปฏิบัติงาน,-,กร8133,20.426598,99.884083,30/4/2026,053733123,
FP-374,แม่น้ำสาย,แม่สาย,09 แม่สาย,ทต.แม่สาย,รถยนต์กู้ภัย พร้อมเครื่องมือ,"รถยนต์กู้ภัย พร้อมเครื่องมือ
รถยนต์กู้ภัยเคลื่อนที่เร็วพร้อมอุปกรณ์",พร้อมปฏิบัติงาน,isuzu,81-2502,20.426598,99.884083,30/4/2026,-,
FP-375,แม่น้ำสาย,แม่สาย,09 แม่สาย,ทต.แม่สายมิตรภาพ,รถยนต์ 4 ล้อ,"รถยนต์ 4 ล้อ
รถตรวจการ",พร้อมปฏิบัติงาน,MITSUBISHI,บห 4636 ชร,20.437426,99.912169,30/4/2026,053734083,
FP-376,แม่น้ำสาย,แม่สาย,09 แม่สาย,ทต.แม่สายมิตรภาพ,รถบรรทุกขนาดเล็ก,"รถบรรทุกขนาดเล็ก
รถบรรทุกขนาดเล็กขับเคลื่อน 4 ล้อ แบบที่นั่ง 2 ตอน (4x4)",พร้อมปฏิบัติงาน,NISSAN,ผค 1904 ชร,20.437426,99.912169,30/4/2026,053734083,
FP-377,แม่น้ำสาย,แม่สาย,09 แม่สาย,ทต.แม่สายมิตรภาพ,รถบรรทุกน้ำ,"รถบรรทุกน้ำ
รถบรรทุกน้ำ ขนาด 6,000 ลิตร",พร้อมปฏิบัติงาน,ISUZU,บร 6804 ชร,20.437426,99.912169,30/4/2026,053734083,
FP-378,แม่น้ำสาย,แม่สาย,09 แม่สาย,ทต.แม่สายมิตรภาพ,รถยนต์ 4 ล้อ,"รถยนต์ 4 ล้อ
รถตรวจการ",พร้อมปฏิบัติงาน,MAZDA,กง 5403 ชร,20.437426,99.912169,30/4/2026,053734083,
FP-379,แม่น้ำสาย,แม่สาย,09 ห้วยไคร้,ทต.ห้วยไคร้,รถดับเพลิง และอุปกรณ์,"รถดับเพลิง และอุปกรณ์
รถดับเพลิงอาคาร",พร้อมปฏิบัติงาน,MITSUBISHI,ผ6598,20.274783,99.862758,30/4/2026,053763099,
FP-380,แม่น้ำสาย,แม่สาย,09 ห้วยไคร้,ทต.ห้วยไคร้,รถยนต์ 4 ล้อ,"รถยนต์ 4 ล้อ
รถตรวจการ",พร้อมปฏิบัติงาน,MAZDA,กค7967,20.274783,99.862758,30/4/2026,053763099,
FP-381,แม่น้ำสาย,แม่สาย,09 ห้วยไคร้,ทต.ห้วยไคร้,รถบรรทุกน้ำ,"รถบรรทุกน้ำ
รถบรรทุกน้ำ ขนาด 10,000 ลิตร",พร้อมปฏิบัติงาน,MITSUBISHI,บบ7401,20.274783,99.862758,30/4/2026,053763099,
FP-382,แม่น้ำสาย,แม่สาย,09 ห้วยไคร้,ทต.ห้วยไคร้,รถดับเพลิง และอุปกรณ์,"รถดับเพลิง และอุปกรณ์
รถบรรทุกน้ำช่วยดับเพลิง",พร้อมปฏิบัติงาน,MITSUBISHI,บบ4479,20.274783,99.862758,30/4/2026,053763099,
FP-383,แม่น้ำสาย,แม่สาย,09 เวียงพางคำ,ทต.เวียงพางคำ,รถบรรทุกขนาดเล็ก,"รถบรรทุกขนาดเล็ก
รถบรรทุกขนาดเล็ก แบบที่นั่ง 2 ตอน",พร้อมปฏิบัติงาน,Toyata,กม 2549,20.403443,99.885368,30/4/2026,053646569,
FP-384,แม่น้ำสาย,แม่สาย,09 เวียงพางคำ,ทต.เวียงพางคำ,รถตัก,"รถตัก
รถตักหน้าขุดหลัง",พร้อมปฏิบัติงาน,JCB,ตด-4730,20.403443,99.885368,30/4/2026,053646569,
FP-385,แม่น้ำสาย,แม่สาย,09 เวียงพางคำ,ทต.เวียงพางคำ,รถบรรทุกขนาดกลาง-ใหญ่,"รถบรรทุกขนาดกลาง-ใหญ่
รถบรรทุกขนาดใหญ่ ขนาด 6 ตัน 6 ล้อ",พร้อมปฏิบัติงาน,HINO,82-4897,20.403443,99.885368,30/4/2026,-,
FP-386,แม่น้ำสาย,แม่สาย,09 ห้วยไคร้,อบต.ห้วยไคร้,รถดับเพลิง และอุปกรณ์,"รถดับเพลิง และอุปกรณ์
รถดับเพลิงอาคาร",พร้อมปฏิบัติงาน,NISSAN,ผค 9930,20.264926,99.895729,30/4/2026,899983358,
FP-387,แม่น้ำสาย,แม่สาย,09 เกาะช้าง,อบต.เกาะช้าง,รถบรรทุกน้ำ,"รถบรรทุกน้ำ
รถบรรทุกน้ำ ขนาด 5,000 ลิตร",พร้อมปฏิบัติงาน,รถยนต์ยี่ห้อ MITSUBISHI,บย 9011,20.415716,99.990411,30/4/2026,053675425,
FP-388,แม่น้ำสาย,แม่สาย,09 เกาะช้าง,อบต.เกาะช้าง,รถยนต์ 4 ล้อ,"รถยนต์ 4 ล้อ
รถอำนวยการสื่อสาร",พร้อมปฏิบัติงาน,รถยนต์ยี่ห้อ MITSUBISHI สี่ประตู,กจ 229,20.415716,99.990411,30/4/2026,053675425,
FP-389,แม่น้ำสาย,แม่สาย,09 โป่งผา,อบต.โป่งผา,รถบรรทุกขนาดกลาง-ใหญ่,"รถบรรทุกขนาดกลาง-ใหญ่
รถบรรทุกขนาดกลาง ขนาด 4 ตัน 4 ล้อ หรือ 6 ล้อ",พร้อมปฏิบัติงาน,ISUZU,ผจ 9047,20.37836,99.885059,30/4/2026,-,
FP-390,แม่น้ำสาย,แม่สาย,09 โป่งผา,อบต.โป่งผา,รถบรรทุกน้ำ,"รถบรรทุกน้ำ
รถบรรทุกน้ำ ขนาด 6,000 ลิตร",พร้อมปฏิบัติงาน,HINO,บม 4983,20.37836,99.885059,30/4/2026,-,
FP-391,แม่น้ำสาย,แม่สาย,09 ศรีเมืองชุม,อบต.ศรีเมืองชุม,รถดับเพลิง และอุปกรณ์,"รถดับเพลิง และอุปกรณ์
รถบรรทุกน้ำช่วยดับเพลิง",พร้อมปฏิบัติงาน,ISUZU,ผค 9939,20.368358,99.987252,30/4/2026,084-6163849,
FP-392,แม่น้ำสาย,แม่สาย,09 ศรีเมืองชุม,อบต.ศรีเมืองชุม,รถบรรทุกน้ำ,"รถบรรทุกน้ำ
รถบรรทุกน้ำ ขนาด 5,000 ลิตร",พร้อมปฏิบัติงาน,ISUZU,บล-9751,20.368358,99.987252,30/4/2026,084-6163849,
FP-393,แม่น้ำสาย,แม่สาย,09 บ้านด้าย,อบต.บ้านด้าย,รถยนต์ 4 ล้อ,"รถยนต์ 4 ล้อ
-",พร้อมปฏิบัติงาน,ฟอร์ด,กค 9823 ชร,20.305763,99.935475,30/4/2026,0946051491,
FP-394,แม่น้ำสาย,แม่สาย,09 บ้านด้าย,อบต.บ้านด้าย,รถบรรทุกขนาดเล็ก,"รถบรรทุกขนาดเล็ก
รถโดยสารขนาดเล็ก (รถตู้ขนาด 9,11,12,15 ที่นั่ง )",พร้อมปฏิบัติงาน,โตโยต้า,นข 5849 ชร,20.305763,99.935475,30/4/2026,0869181615,
FP-395,แม่น้ำสาย,แม่สาย,09 บ้านด้าย,อบต.บ้านด้าย,รถบรรทุกน้ำ,"รถบรรทุกน้ำ
-",พร้อมปฏิบัติงาน,อิซูซุ,บห 553 ชร,20.305763,99.935475,30/4/2026,0875420688,
FP-396,แม่น้ำสาย,แม่สาย,09 บ้านด้าย,อบต.บ้านด้าย,รถบรรทุกขนาดเล็ก,"รถบรรทุกขนาดเล็ก
รถบรรทุกขยะขนาดเล็ก",พร้อมปฏิบัติงาน,อิซูซุ,815118,20.305763,99.935475,30/4/2026,-,
FP-397,แม่น้ำสาย,แม่สาย,09 บ้านด้าย,อบต.บ้านด้าย,รถแทรคเตอร์ล้อยาง,"รถแทรคเตอร์ล้อยาง
รถแทรคเตอร์ล้อยาง",พร้อมปฏิบัติงาน,ยันม่าร์,ตค 7481 ชร,20.305763,99.935475,30/4/2026,0929172188,
FP-398,แม่น้ำสาย,แม่สาย,09 บ้านด้าย,อบต.บ้านด้าย,รถบรรทุกขนาดเล็ก,"รถบรรทุกขนาดเล็ก
รถบรรทุกขนาดเล็ก แบบที่นั่ง 2 ตอน",พร้อมปฏิบัติงาน,MITSUBISHI,ขข 646 ชร,20.305763,99.935475,30/4/2026,053-785009,
FP-399,แม่น้ำสาย,แม่สาย,09 บ้านด้าย,อบต.บ้านด้าย,รถยนต์ 4 ล้อ,"รถยนต์ 4 ล้อ
-",พร้อมปฏิบัติงาน,ฟอร์ด,กษ 3316 ชร,20.305763,99.935475,30/4/2026,0869181615,
FP-400,แม่น้ำสาย,แม่สาย,09 บ้านด้าย,อบต.บ้านด้าย,รถตัก,"รถตัก
-",พร้อมปฏิบัติงาน,ฮุนได,ตค 623 ชร,20.305763,99.935475,30/4/2026,0647296380,
FP-401,แม่น้ำสาย,แม่สาย,09 บ้านด้าย,อบต.บ้านด้าย,รถจักรยานยนต์,"รถจักรยานยนต์
รถจักรยานยนต์",พร้อมปฏิบัติงาน,ซูซูกิ,บทน 600 ชร,20.305763,99.935475,30/4/2026,0821823237,
FP-402,แม่น้ำสาย,แม่สาย,09 บ้านด้าย,อบต.บ้านด้าย,รถจักรยานยนต์,"รถจักรยานยนต์
รถจักรยานยนต์",พร้อมปฏิบัติงาน,ฮอนด้า,1กค7820ชร,20.305763,99.935475,30/4/2026,0946051491,
FP-403,แม่น้ำสาย,แม่สาย,09 บ้านด้าย,อบต.บ้านด้าย,รถยนต์ 4 ล้อ,"รถยนต์ 4 ล้อ
-",พร้อมปฏิบัติงาน,โตโยต้า,กต 2595 ชร,20.305763,99.935475,30/4/2026,0647296380,
FP-404,แม่น้ำสาย,แม่สาย,09 โป่งงาม,อบต.โป่งงาม,รถบรรทุกขนาดเล็ก,"รถบรรทุกขนาดเล็ก
รถบรรทุกขนาดเล็ก แบบที่นั่ง 2 ตอน",พร้อมปฏิบัติงาน,MAZDA,กง 2314,20.330157,99.86449,30/4/2026,098-7952665,
FP-405,แม่น้ำสาย,แม่สาย,09 โป่งงาม,อบต.โป่งงาม,รถแทรคเตอร์ตีนตะขาบขนาดกลาง,"รถแทรคเตอร์ตีนตะขาบขนาดกลาง
รถแทรคเตอร์ตีนตะขาบขนาดกลาง ขนาดต่ำกว่า 150 แรงม้า",พร้อมปฏิบัติงาน,HYUNDAI,ตค  9048,20.330157,99.86449,30/4/2026,089-854261,
FP-406,แม่น้ำสาย,แม่สาย,09 โป่งงาม,อบต.โป่งงาม,รถบรรทุกขนาดเล็ก,"รถบรรทุกขนาดเล็ก
รถพยาบาล",พร้อมปฏิบัติงาน,TOYOTA,กย 7647,20.330157,99.86449,30/4/2026,080-9238227,
FP-407,แม่น้ำสาย,แม่สาย,09 โป่งงาม,อบต.โป่งงาม,รถบรรทุกขนาดเล็ก,"รถบรรทุกขนาดเล็ก
รถบรรทุกขนาดเล็ก แบบที่นั่ง 2 ตอน",พร้อมปฏิบัติงาน,MAZDA,กฉ 2023,20.330157,99.86449,30/4/2026,0648160919,
FP-408,แม่น้ำสาย,แม่สาย,09 โป่งงาม,อบต.โป่งงาม,รถบรรทุกน้ำ,"รถบรรทุกน้ำ
รถบรรทุกน้ำ ขนาด 10,000 ลิตร",พร้อมปฏิบัติงาน,IZUZU,ผธ 1832,20.330157,99.86449,30/4/2026,-,
FP-409,แม่น้ำสาย,แม่สาย,09 โป่งงาม,อบต.โป่งงาม,รถบรรทุกน้ำ,"รถบรรทุกน้ำ
รถบรรทุกน้ำ ขนาด 6,000 ลิตร",พร้อมปฏิบัติงาน,HINO,ผข 7078,20.330157,99.86449,30/4/2026,080-9238227,
FP-410,น้ำแม่ลาว - น้ำแม่สรวย,แม่สรวย,10 แม่สรวย,ทต.แม่สรวย,รถยนต์ 4 ล้อ,"รถยนต์ 4 ล้อ
รถตรวจการ",พร้อมปฏิบัติงาน,โต้โยต้า,บท 367 ชร,19.651155,99.539831,30/4/2026,053786123,
FP-411,น้ำแม่ลาว - น้ำแม่สรวย,แม่สรวย,10 แม่สรวย,ทต.แม่สรวย,รถยนต์ 4 ล้อ,"รถยนต์ 4 ล้อ
รถตรวจการ",พร้อมปฏิบัติงาน,มาสด้า,บพ4600 ชร,19.651155,99.539831,30/4/2026,053768123,
FP-412,น้ำแม่ลาว - น้ำแม่สรวย,แม่สรวย,10 แม่สรวย,ทต.เวียงสรวย,รถยนต์ 4 ล้อ,"รถยนต์ 4 ล้อ
รถตรวจการ",พร้อมปฏิบัติงาน,toyota,บค7871,19.660608,99.534902,30/4/2026,053786341,
FP-413,น้ำแม่ลาว - น้ำแม่สรวย,แม่สรวย,10 เจดีย์หลวง,ทต.เจดีย์หลวง,รถดับเพลิง และอุปกรณ์,"รถดับเพลิง และอุปกรณ์
รถบรรทุกน้ำช่วยดับเพลิง",พร้อมปฏิบัติงาน,มิตซูบิชิ,บจ 4246,19.575227,99.486318,30/4/2026,-,
FP-414,น้ำแม่ลาว - น้ำแม่สรวย,แม่สรวย,10 เจดีย์หลวง,ทต.เจดีย์หลวง,รถดับเพลิง และอุปกรณ์,"รถดับเพลิง และอุปกรณ์
รถบรรทุกน้ำช่วยดับเพลิง",พร้อมปฏิบัติงาน,มิตซูบิชิ,บท 4487,19.575227,99.486318,30/4/2026,-,
FP-415,น้ำแม่ลาว - น้ำแม่สรวย,แม่สรวย,10 เจดีย์หลวง,ทต.เจดีย์หลวง,รถยนต์กู้ภัย พร้อมเครื่องมือ,"รถยนต์กู้ภัย พร้อมเครื่องมือ
รถยนต์กู้ภัยเคลื่อนที่เร็วพร้อมอุปกรณ์",พร้อมปฏิบัติงาน,ฟอร์ด,บม 1477,19.575227,99.486318,30/4/2026,-,
FP-416,น้ำแม่ลาว - น้ำแม่สรวย,แม่สรวย,10 เจดีย์หลวง,ทต.เจดีย์หลวง,รถบรรทุกขนาดเล็ก,"รถบรรทุกขนาดเล็ก
รถบรรทุกขนาดเล็ก แบบที่นั่งตอนเดียว",พร้อมปฏิบัติงาน,มาสด้า,บจ 6141,19.575227,99.486318,30/4/2026,-,
FP-417,น้ำแม่ลาว - น้ำแม่สรวย,แม่สรวย,10 ป่าแดด,อบต.ป่าแดด,รถแทรคเตอร์ล้อยาง,"รถแทรคเตอร์ล้อยาง
รถแทรคเตอร์ล้อยาง",พร้อมปฏิบัติงาน,newholland,ตค 6254 ชร,19.649289,99.477519,30/4/2026,-,
FP-418,น้ำแม่ลาว - น้ำแม่สรวย,แม่สรวย,10 ป่าแดด,อบต.ป่าแดด,รถดับเพลิง และอุปกรณ์,"รถดับเพลิง และอุปกรณ์
รถบรรทุกน้ำช่วยดับเพลิง",พร้อมปฏิบัติงาน,isuzu,ผข-5610 ชร,19.649289,99.477519,30/4/2026,-,
FP-419,น้ำแม่ลาว - น้ำแม่สรวย,แม่สรวย,10 ป่าแดด,อบต.ป่าแดด,รถยนต์กู้ภัย พร้อมเครื่องมือ,"รถยนต์กู้ภัย พร้อมเครื่องมือ
รถยนต์กู้ภัยเคลื่อนที่เร็วพร้อมอุปกรณ์",พร้อมปฏิบัติงาน,toyota,บล 6438 ชร,19.649289,99.477519,30/4/2026,-,
FP-420,น้ำแม่ลาว - น้ำแม่สรวย,แม่สรวย,10 ป่าแดด,อบต.ป่าแดด,รถแทรคเตอร์ตีนตะขาบขนาดใหญ่,"รถแทรคเตอร์ตีนตะขาบขนาดใหญ่
รถแทรคเตอร์ตีนตะขาบขนาดใหญ่ ขนาด 150 แรงม้าขึ้นไป",พร้อมปฏิบัติงาน,jcb,ตค 769 ชร,19.649289,99.477519,30/4/2026,-,
FP-421,น้ำแม่ลาว - น้ำแม่สรวย,แม่สรวย,10 แม่พริก,อบต.แม่พริก,รถบรรทุกน้ำ,"รถบรรทุกน้ำ
รถบรรทุกน้ำ ขนาด 6,000 ลิตร",พร้อมปฏิบัติงาน,MITSUBISHI,81-8415,19.639855,99.525588,30/4/2026,-,
FP-422,น้ำแม่ลาว - น้ำแม่สรวย,แม่สรวย,10 แม่พริก,อบต.แม่พริก,รถบรรทุกขนาดเล็ก,"รถบรรทุกขนาดเล็ก
รถบรรทุกขนาดเล็กขับเคลื่อน 4 ล้อ แบบที่นั่ง 2 ตอน (4x4)",พร้อมปฏิบัติงาน,TOYOTA,กจ 3479,19.639855,99.525588,30/4/2026,-,
FP-423,น้ำแม่ลาว - น้ำแม่สรวย,แม่สรวย,10 แม่พริก,อบต.แม่พริก,รถจักรยานยนต์,"รถจักรยานยนต์
รถจักรยานยนต์",พร้อมปฏิบัติงาน,HONDA,1กท 8196,19.639855,99.525588,30/4/2026,-,
FP-424,น้ำแม่ลาว - น้ำแม่สรวย,แม่สรวย,10 แม่พริก,อบต.แม่พริก,รถบรรทุกเทท้าย,"รถบรรทุกเทท้าย
รถบรรทุกเทท้าย ขนาด 6 ตัน 6 ล้อ",พร้อมปฏิบัติงาน,NISSAN,84-8417,19.639855,99.525588,30/4/2026,-,
FP-425,น้ำแม่ลาว - น้ำแม่สรวย,แม่สรวย,10 แม่พริก,อบต.แม่พริก,รถจักรยานยนต์,"รถจักรยานยนต์
รถจักรยานยนต์",พร้อมปฏิบัติงาน,HONDA,1กม 9902,19.639855,99.525588,30/4/2026,-,
FP-426,น้ำแม่ลาว - น้ำแม่สรวย,แม่สรวย,10 แม่พริก,อบต.แม่พริก,รถจักรยานยนต์,"รถจักรยานยนต์
รถจักรยานยนต์",พร้อมปฏิบัติงาน,HONDA,1กม 9903,19.639855,99.525588,30/4/2026,-,
FP-427,น้ำแม่ลาว - น้ำแม่สรวย,แม่สรวย,10 แม่พริก,อบต.แม่พริก,รถแทรคเตอร์ตีนตะขาบขนาดกลาง,"รถแทรคเตอร์ตีนตะขาบขนาดกลาง
รถแทรคเตอร์ตีนตะขาบขนาดกลาง ขนาดต่ำกว่า 150 แรงม้า",พร้อมปฏิบัติงาน,HYUNDAI,ตค-2661,19.639855,99.525588,30/4/2026,-,
FP-428,น้ำแม่ลาว - น้ำแม่สรวย,แม่สรวย,10 แม่พริก,อบต.แม่พริก,รถจักรยานยนต์,"รถจักรยานยนต์
รถจักรยานยนต์",พร้อมปฏิบัติงาน,HONDA,1กท 8195,19.639855,99.525588,30/4/2026,-,
FP-429,น้ำแม่ลาว - น้ำแม่สรวย,แม่สรวย,10 แม่พริก,อบต.แม่พริก,รถบรรทุกขนาดเล็ก,"รถบรรทุกขนาดเล็ก
รถบรรทุกขนาดเล็กขับเคลื่อน 4 ล้อ แบบที่นั่ง 2 ตอน (4x4)",พร้อมปฏิบัติงาน,NISSAN,ขก 8785,19.639855,99.525588,30/4/2026,-,
FP-430,น้ำแม่ลาว - น้ำแม่สรวย,แม่สรวย,10 แม่พริก,อบต.แม่พริก,รถยนต์กู้ภัย พร้อมเครื่องมือ,"รถยนต์กู้ภัย พร้อมเครื่องมือ
รถยนต์กู้ภัยเอนกประสงค์พร้อมอุปกรณ์ (รถกู้ภัยขนาดกลาง)",พร้อมปฏิบัติงาน,FORD,บย-4244,19.639855,99.525588,30/4/2026,-,
FP-431,น้ำแม่ลาว - น้ำแม่สรวย,แม่สรวย,10 แม่พริก,อบต.แม่พริก,รถบรรทุกขนาดกลาง-ใหญ่,"รถบรรทุกขนาดกลาง-ใหญ่
รถบรรทุกขนาดใหญ่ ขนาด 12 ตัน 10 ล้อ",พร้อมปฏิบัติงาน,MITSUBISHI,81-8418,19.639855,99.525588,30/4/2026,-,
FP-432,น้ำแม่ลาว - น้ำแม่สรวย,แม่สรวย,10 แม่พริก,อบต.แม่พริก,รถแทรคเตอร์ล้อยาง,"รถแทรคเตอร์ล้อยาง
รถแทรคเตอร์ล้อยาง",พร้อมปฏิบัติงาน,HEWHOLLAND,ตค-667,19.639855,99.525588,30/4/2026,-,
FP-433,น้ำแม่ลาว - น้ำแม่สรวย,แม่สรวย,10 แม่พริก,อบต.แม่พริก,รถจักรยานยนต์,"รถจักรยานยนต์
รถจักรยานยนต์",พร้อมปฏิบัติงาน,Honda,คกว 777,19.639855,99.525588,30/4/2026,-,
FP-434,น้ำแม่ลาว - น้ำแม่สรวย,แม่สรวย,10 ศรีถ้อย,อบต.ศรีถ้อย,รถบรรทุกน้ำ,"รถบรรทุกน้ำ
รถบรรทุกน้ำ ขนาด 5,000 ลิตร",พร้อมปฏิบัติงาน,MITSUBISHI,81-7506 ชร,19.614154,99.478205,30/4/2026,053-950063,
FP-435,น้ำแม่ลาว - น้ำแม่สรวย,แม่สรวย,10 ศรีถ้อย,อบต.ศรีถ้อย,รถบรรทุกขนาดเล็ก,"รถบรรทุกขนาดเล็ก
รถบรรทุกขนาดเล็กขับเคลื่อน 4 ล้อ แบบที่นั่ง 2 ตอน (4x4)",พร้อมปฏิบัติงาน,์Nissan,ขข564 ชร,19.614154,99.478205,30/4/2026,053-950063,
FP-436,น้ำแม่ลาว - น้ำแม่สรวย,แม่สรวย,10 ศรีถ้อย,อบต.ศรีถ้อย,รถบรรทุกขนาดเล็ก,"รถบรรทุกขนาดเล็ก
รถบรรทุกขนาดเล็กขับเคลื่อน 4 ล้อ แบบที่นั่ง 2 ตอน (4x4)",พร้อมปฏิบัติงาน,TOYOTA,บพ4680 ชร,19.614154,99.478205,30/4/2026,053-950063,
FP-437,น้ำแม่ลาว - น้ำแม่สรวย,แม่สรวย,10 ศรีถ้อย,อบต.ศรีถ้อย,รถบรรทุกขนาดเล็ก,"รถบรรทุกขนาดเล็ก
รถบรรทุกขนาดเล็กขับเคลื่อน 4 ล้อ แบบที่นั่ง 2 ตอน (4x4)",พร้อมปฏิบัติงาน,TOYOTA,กน3641 ชร,19.614154,99.478205,30/4/2026,053-950063,
FP-438,น้ำแม่ลาว - น้ำแม่สรวย,แม่สรวย,10 ศรีถ้อย,อบต.ศรีถ้อย,รถบรรทุกขนาดเล็ก,"รถบรรทุกขนาดเล็ก
รถตู้เอนกประสงค์",พร้อมปฏิบัติงาน,TOYOTA,นข6369 ชร,19.614154,99.478205,30/4/2026,053-950063,
FP-439,น้ำแม่ลาว - น้ำแม่สรวย,แม่สรวย,10 ท่าก๊อ,อบต.ท่าก๊อ,รถจักรยานยนต์,"รถจักรยานยนต์
รถจักรยานยนต์",พร้อมปฏิบัติงาน,HONDA,คคพ 832,19.532119,99.485537,30/4/2026,-,
FP-440,น้ำแม่ลาว - น้ำแม่สรวย,แม่สรวย,10 ท่าก๊อ,อบต.ท่าก๊อ,รถบรรทุกน้ำ,"รถบรรทุกน้ำ
-",พร้อมปฏิบัติงาน,ISUZU,บล 4370,19.532119,99.485537,30/4/2026,-,
FP-441,น้ำแม่ลาว - น้ำแม่สรวย,แม่สรวย,10 ท่าก๊อ,อบต.ท่าก๊อ,รถยนต์กู้ภัย พร้อมเครื่องมือ,"รถยนต์กู้ภัย พร้อมเครื่องมือ
รถยนต์กู้ภัยเคลื่อนที่เร็วพร้อมอุปกรณ์",พร้อมปฏิบัติงาน,FORD,บล 6265,19.532119,99.485537,30/4/2026,-,
FP-442,น้ำแม่ลาว - น้ำแม่สรวย,แม่สรวย,10 ท่าก๊อ,อบต.ท่าก๊อ,รถแทรคเตอร์ตีนตะขาบขนาดใหญ่,"รถแทรคเตอร์ตีนตะขาบขนาดใหญ่
รถแทรคเตอร์ตีนตะขาบขนาดใหญ่ ขนาด 150 แรงม้าขึ้นไป",พร้อมปฏิบัติงาน,VOLVO,ตค 2688,19.532119,99.485537,30/4/2026,-,
FP-443,น้ำแม่ลาว - น้ำแม่สรวย,แม่สรวย,10 ท่าก๊อ,อบต.ท่าก๊อ,รถยนต์ 4 ล้อ,"รถยนต์ 4 ล้อ
รถตรวจการ",พร้อมปฏิบัติงาน,NISSAN,กอ 5715,19.532119,99.485537,30/4/2026,-,
FP-444,น้ำแม่ลาว - น้ำแม่สรวย,แม่สรวย,10 ท่าก๊อ,อบต.ท่าก๊อ,รถแทรคเตอร์ล้อยาง,"รถแทรคเตอร์ล้อยาง
รถแทรคเตอร์ล้อยาง แบบ INDUSTRIAL (ล้อหน้ายางขนาดใหญ่ ขับ 4 ล้อ)",พร้อมปฏิบัติงาน,NEWHOLLAND,ตค 4098,19.532119,99.485537,30/4/2026,-,
FP-445,น้ำแม่ลาว - น้ำแม่สรวย,แม่สรวย,10 ท่าก๊อ,อบต.ท่าก๊อ,รถยนต์ 4 ล้อ,"รถยนต์ 4 ล้อ
รถตรวจการ",พร้อมปฏิบัติงาน,CHEVROLET,กง 9984,19.532119,99.485537,30/4/2026,-,
FP-446,น้ำแม่ลาว - น้ำแม่สรวย,แม่สรวย,10 ท่าก๊อ,อบต.ท่าก๊อ,รถบรรทุกขนาดกลาง-ใหญ่,"รถบรรทุกขนาดกลาง-ใหญ่
รถบรรทุกขนาดใหญ่ ขนาด 12 ตัน 10 ล้อ",พร้อมปฏิบัติงาน,MITSUBISHI,81-6284,19.532119,99.485537,30/4/2026,-,
FP-447,น้ำแม่ลาว - น้ำแม่สรวย,แม่สรวย,10 ท่าก๊อ,อบต.ท่าก๊อ,รถจักรยานยนต์,"รถจักรยานยนต์
รถจักรยานยนต์",พร้อมปฏิบัติงาน,HONDA,ขงน 955,19.532119,99.485537,30/4/2026,-,
FP-448,น้ำแม่ลาว - น้ำแม่สรวย,แม่สรวย,10 ท่าก๊อ,อบต.ท่าก๊อ,รถบรรทุกขนาดกลาง-ใหญ่,"รถบรรทุกขนาดกลาง-ใหญ่
รถบรรทุกขนาดใหญ่ ขนาด 6 ตัน 6 ล้อ",พร้อมปฏิบัติงาน,HINO,82-0001,19.532119,99.485537,30/4/2026,-,
FP-449,น้ำแม่ลาว - น้ำแม่สรวย,แม่สรวย,10 ท่าก๊อ,อบต.ท่าก๊อ,รถยนต์ 4 ล้อ,"รถยนต์ 4 ล้อ
รถตรวจการ",พร้อมปฏิบัติงาน,TOYOTA,กย 771,19.532119,99.485537,30/4/2026,-,
FP-450,น้ำแม่ลาว - น้ำแม่สรวย,แม่สรวย,10 ท่าก๊อ,อบต.ท่าก๊อ,รถยนต์ 4 ล้อ,"รถยนต์ 4 ล้อ
รถตรวจการ",พร้อมปฏิบัติงาน,NISSAN,บษ2797,19.532119,99.485537,30/4/2026,-,
FP-451,น้ำแม่ลาว - น้ำแม่สรวย,แม่สรวย,10 ท่าก๊อ,อบต.ท่าก๊อ,รถยนต์ 4 ล้อ,"รถยนต์ 4 ล้อ
รถตรวจการ",พร้อมปฏิบัติงาน,โตโยต้า,กค 9476,19.532119,99.485537,30/4/2026,-,
FP-452,น้ำแม่ลาว - น้ำแม่สรวย,แม่สรวย,10 ท่าก๊อ,อบต.ท่าก๊อ,รถจักรยานยนต์,"รถจักรยานยนต์
รถจักรยานยนต์",พร้อมปฏิบัติงาน,HONDA,1กค 9374,19.532119,99.485537,30/4/2026,-,
FP-453,น้ำแม่ลาว - น้ำแม่สรวย,แม่สรวย,10 ท่าก๊อ,อบต.ท่าก๊อ,รถจักรยานยนต์,"รถจักรยานยนต์
รถจักรยานยนต์",พร้อมปฏิบัติงาน,HONDA,1กพ 7951,19.532119,99.485537,30/4/2026,-,
FP-454,น้ำแม่ลาว - น้ำแม่สรวย,แม่สรวย,10 ท่าก๊อ,อบต.ท่าก๊อ,รถแทรคเตอร์ล้อยาง,"รถแทรคเตอร์ล้อยาง
รถแทรคเตอร์ล้อยาง แบบ INDUSTRIAL (ล้อหน้ายางขนาดใหญ่ ขับ 4 ล้อ)",พร้อมปฏิบัติงาน,SOLIS,ตฆ 2504,19.532119,99.485537,30/4/2026,-,
FP-455,น้ำแม่ลาว - น้ำแม่สรวย,แม่สรวย,10 ท่าก๊อ,อบต.ท่าก๊อ,รถจักรยานยนต์,"รถจักรยานยนต์
รถจักรยานยนต์",พร้อมปฏิบัติงาน,YAMAHA,1 กฮ 4536,19.532119,99.485537,30/4/2026,-,
FP-456,น้ำแม่ลาว - น้ำแม่สรวย,แม่สรวย,10 ท่าก๊อ,อบต.ท่าก๊อ,รถยนต์ 4 ล้อ,"รถยนต์ 4 ล้อ
-",พร้อมปฏิบัติงาน,TOYOTA,ขง 4577,19.532119,99.485537,30/4/2026,-,
FP-457,น้ำแม่ลาว - น้ำแม่สรวย,แม่สรวย,10 ท่าก๊อ,อบต.ท่าก๊อ,รถบรรทุกขนาดเล็ก,"รถบรรทุกขนาดเล็ก
-",พร้อมปฏิบัติงาน,TOYOTA,40-0280,19.532119,99.485537,30/4/2026,-,
FP-458,น้ำแม่ลาว - น้ำแม่สรวย,แม่สรวย,10 ท่าก๊อ,อบต.ท่าก๊อ,รถยนต์ 4 ล้อ,"รถยนต์ 4 ล้อ
รถตรวจการ",พร้อมปฏิบัติงาน,TOYOTA,บพ 9540,19.532119,99.485537,30/4/2026,-,
FP-459,น้ำแม่ลาว - น้ำแม่สรวย,แม่สรวย,10 ท่าก๊อ,อบต.ท่าก๊อ,รถจักรยานยนต์,"รถจักรยานยนต์
รถจักรยานยนต์",พร้อมปฏิบัติงาน,HONDA,1 กว 7733,19.532119,99.485537,30/4/2026,-,
FP-460,น้ำแม่ลาว - น้ำแม่สรวย,แม่สรวย,10 ท่าก๊อ,อบต.ท่าก๊อ,รถจักรยานยนต์,"รถจักรยานยนต์
รถจักรยานยนต์",พร้อมปฏิบัติงาน,YAMAHA,1 กฮ 4537,19.532119,99.485537,30/4/2026,-,
FP-461,น้ำแม่ลาว - น้ำแม่สรวย,แม่สรวย,10 วาวี,อบต.วาวี,รถยนต์ 4 ล้อ,"รถยนต์ 4 ล้อ
รถตรวจการ",พร้อมปฏิบัติงาน,เชฟโรเล็ต,กจ 2293,19.830357,99.507096,30/4/2026,-,
FP-462,น้ำแม่ลาว - น้ำแม่สรวย,แม่สรวย,10 เจดีย์หลวง,อบต.เจดีย์หลวง,รถบรรทุกน้ำ,"รถบรรทุกน้ำ
รถบรรทุกน้ำ ขนาด 6,000 ลิตร",พร้อมปฏิบัติงาน,อีซุซุ,82-2952,19.575343,99.485897,30/4/2026,-,
FP-463,น้ำแม่ลาว - น้ำแม่สรวย,เวียงป่าเป้า,11 เวียง,ทต.เวียงป่าเป้า,รถดับเพลิง และอุปกรณ์,"รถดับเพลิง และอุปกรณ์
รถดับเพลิงอาคาร",พร้อมปฏิบัติงาน,hino,บพ8799,19.363878,99.502535,30/4/2026,053781665,
FP-464,น้ำแม่ลาว - น้ำแม่สรวย,เวียงป่าเป้า,11 เวียง,ทต.เวียงป่าเป้า,รถดับเพลิง และอุปกรณ์,"รถดับเพลิง และอุปกรณ์
รถดับเพลิงอาคาร",พร้อมปฏิบัติงาน,toyota,-,19.363878,99.502535,30/4/2026,053781665,
FP-465,น้ำแม่ลาว - น้ำแม่สรวย,เวียงป่าเป้า,11 เวียง,ทต.เวียงป่าเป้า,รถบรรทุกน้ำ,"รถบรรทุกน้ำ
-",พร้อมปฏิบัติงาน,mitsubishi,80-9182,19.363878,99.502535,30/4/2026,053781665,
FP-466,น้ำแม่ลาว - น้ำแม่สรวย,เวียงป่าเป้า,11 เวียง,ทต.เวียงป่าเป้า,รถยนต์กู้ภัย พร้อมเครื่องมือ,"รถยนต์กู้ภัย พร้อมเครื่องมือ
รถยนต์กู้ภัยเคลื่อนที่เร็วพร้อมอุปกรณ์",พร้อมปฏิบัติงาน,mitsubishi,80-9805,19.363878,99.502535,30/4/2026,053781665,
FP-467,น้ำแม่ลาว - น้ำแม่สรวย,เวียงป่าเป้า,11 เวียง,ทต.เวียงป่าเป้า,รถดับเพลิง และอุปกรณ์,"รถดับเพลิง และอุปกรณ์
รถดับเพลิงโฟมและเคมี",พร้อมปฏิบัติงาน,isuzu,บม6851,19.363878,99.502535,30/4/2026,053781665,
FP-468,น้ำแม่ลาว - น้ำแม่สรวย,เวียงป่าเป้า,11 ป่างิ้ว,ทต.ป่างิ้ว,รถบรรทุกน้ำ,"รถบรรทุกน้ำ
รถบรรทุกน้ำ ขนาด 6,000 ลิตร",พร้อมปฏิบัติงาน,ISUZU,82-4347,19.296904,99.512204,30/4/2026,0987751041,
FP-469,น้ำแม่ลาว - น้ำแม่สรวย,เวียงป่าเป้า,11 ป่างิ้ว,ทต.ป่างิ้ว,รถยนต์กู้ภัย พร้อมเครื่องมือ,"รถยนต์กู้ภัย พร้อมเครื่องมือ
รถยนต์กู้ภัยเคลื่อนที่เร็วพร้อมอุปกรณ์",พร้อมปฏิบัติงาน,TOYOTA,บร  773,19.296904,99.512204,30/4/2026,0850380899,
FP-470,น้ำแม่ลาว - น้ำแม่สรวย,เวียงป่าเป้า,11 ป่างิ้ว,ทต.ป่างิ้ว,รถบรรทุกน้ำ,"รถบรรทุกน้ำ
รถบรรทุกน้ำ ขนาด 6,000 ลิตร",พร้อมปฏิบัติงาน,MITSUBISHI,บย 5537,19.296904,99.512204,30/4/2026,0850380899,
FP-471,น้ำแม่ลาว - น้ำแม่สรวย,เวียงป่าเป้า,11 เวียงกาหลง,ทต.เวียงกาหลง,รถบรรทุกน้ำ,"รถบรรทุกน้ำ
รถบรรทุกน้ำ ขนาด 6,000 ลิตร",พร้อมปฏิบัติงาน,MITSUBISHI,บม 3806,19.233144,99.516687,30/4/2026,-,
FP-472,น้ำแม่ลาว - น้ำแม่สรวย,เวียงป่าเป้า,11 เวียงกาหลง,ทต.เวียงกาหลง,รถยนต์กู้ภัย พร้อมเครื่องมือ,"รถยนต์กู้ภัย พร้อมเครื่องมือ
รถยนต์กู้ภัยเคลื่อนที่เร็วพร้อมอุปกรณ์",พร้อมปฏิบัติงาน,ISUZU,ผข 8415,19.233144,99.516687,30/4/2026,-,
FP-473,น้ำแม่ลาว - น้ำแม่สรวย,เวียงป่าเป้า,11 เวียงกาหลง,ทต.เวียงกาหลง,รถยนต์ 4 ล้อ,"รถยนต์ 4 ล้อ
รถตรวจการ",พร้อมปฏิบัติงาน,TOYOTA,บล 6225,19.233144,99.516687,30/4/2026,-,
FP-474,น้ำแม่ลาว - น้ำแม่สรวย,เวียงป่าเป้า,11 แม่เจดีย์,ทต.แม่ขะจาน,รถดับเพลิง และอุปกรณ์,"รถดับเพลิง และอุปกรณ์
-",พร้อมปฏิบัติงาน,isuzu,ผธ 7645 ชร,19.21219,99.526148,30/4/2026,0987825755,
FP-475,น้ำแม่ลาว - น้ำแม่สรวย,เวียงป่าเป้า,11 แม่เจดีย์,ทต.แม่ขะจาน,รถดับเพลิง และอุปกรณ์,"รถดับเพลิง และอุปกรณ์
รถบรรทุกน้ำช่วยดับเพลิง",พร้อมปฏิบัติงาน,isuzu,บพ 7882 ชร,19.21219,99.526148,30/4/2026,0884082013,
FP-476,น้ำแม่ลาว - น้ำแม่สรวย,เวียงป่าเป้า,11 แม่เจดีย์,ทต.แม่ขะจาน,รถดับเพลิง และอุปกรณ์,"รถดับเพลิง และอุปกรณ์
รถดับเพลิงอาคาร",พร้อมปฏิบัติงาน,isuzu,บก 6078 ชร,19.21219,99.526148,30/4/2026,-,
FP-477,น้ำแม่ลาว - น้ำแม่สรวย,เวียงป่าเป้า,11 แม่เจดีย์,ทต.แม่ขะจาน,รถยนต์ 4 ล้อ,"รถยนต์ 4 ล้อ
รถตรวจการ",พร้อมปฏิบัติงาน,FORD,กจ 1190 ชร,19.21219,99.526148,30/4/2026,0899971189,
FP-478,น้ำแม่ลาว - น้ำแม่สรวย,เวียงป่าเป้า,11 แม่เจดีย์,ทต.แม่ขะจาน,รถดับเพลิง และอุปกรณ์,"รถดับเพลิง และอุปกรณ์
รถบรรทุกน้ำช่วยดับเพลิง",พร้อมปฏิบัติงาน,MITSUBISHI,80-9478 ชร,19.21219,99.526148,30/4/2026,0899971187,
FP-479,น้ำแม่ลาว - น้ำแม่สรวย,เวียงป่าเป้า,11 สันสลี,อบต.สันสลี,รถยนต์ 4 ล้อ,"รถยนต์ 4 ล้อ
รถตรวจการ",พร้อมปฏิบัติงาน,FORD,ผฉ 1573,19.391209,99.509107,30/4/2026,053-782-042,
FP-480,น้ำแม่ลาว - น้ำแม่สรวย,เวียงป่าเป้า,11 สันสลี,อบต.สันสลี,รถบรรทุกน้ำ,"รถบรรทุกน้ำ
รถบรรทุกน้ำ ขนาด 6,000 ลิตร",พร้อมปฏิบัติงาน,HINO,บย 9230,19.391209,99.509107,30/4/2026,053-782-042,
FP-481,น้ำแม่ลาว - น้ำแม่สรวย,เวียงป่าเป้า,11 เวียง,อบต.เวียง,รถบรรทุกน้ำ,"รถบรรทุกน้ำ
รถบรรทุกน้ำ ขนาด 5,000 ลิตร",พร้อมปฏิบัติงาน,isuzu,บว 1531,19.338473,99.508773,30/4/2026,0810264336,
FP-482,น้ำแม่ลาว - น้ำแม่สรวย,เวียงป่าเป้า,11 บ้านโป่ง,อบต.บ้านโป่ง,รถยนต์ 4 ล้อ,"รถยนต์ 4 ล้อ
-",พร้อมปฏิบัติงาน,โตโยต้า,กง 1958 ชร,19.327856,99.499588,30/4/2026,-,
FP-483,น้ำแม่ลาว - น้ำแม่สรวย,เวียงป่าเป้า,11 บ้านโป่ง,อบต.บ้านโป่ง,รถยนต์ 4 ล้อ,"รถยนต์ 4 ล้อ
-",พร้อมปฏิบัติงาน,ฟอร์ด,บม 6557 ชร,19.327856,99.499588,30/4/2026,-,
FP-484,น้ำแม่ลาว - น้ำแม่สรวย,เวียงป่าเป้า,11 บ้านโป่ง,อบต.บ้านโป่ง,รถยนต์ 4 ล้อ,"รถยนต์ 4 ล้อ
-",พร้อมปฏิบัติงาน,โตโยต้า,กล 9383 ชร,19.327856,99.499588,30/4/2026,-,
FP-485,น้ำแม่ลาว - น้ำแม่สรวย,เวียงป่าเป้า,11 บ้านโป่ง,อบต.บ้านโป่ง,รถเครนขนาดใหญ่,"รถเครนขนาดใหญ่
รถเครนขนาดใหญ่บรรเทาสาธารณภัย",พร้อมปฏิบัติงาน,ฮีโน่,82-2157 ชร,19.327856,99.499588,30/4/2026,-,
FP-486,น้ำแม่ลาว - น้ำแม่สรวย,เวียงป่าเป้า,11 บ้านโป่ง,อบต.บ้านโป่ง,รถบรรทุกน้ำ,"รถบรรทุกน้ำ
-",พร้อมปฏิบัติงาน,อีซูซุ,บล 6837 ชร,19.327856,99.499588,30/4/2026,-,
FP-487,น้ำแม่ลาว - น้ำแม่สรวย,เวียงป่าเป้า,11 แม่เจดีย์,อบต.แม่เจดีย์,รถดับเพลิง และอุปกรณ์,"รถดับเพลิง และอุปกรณ์
รถบรรทุกน้ำช่วยดับเพลิง",พร้อมปฏิบัติงาน,isuzu,บร-3945 ชร,19.193864,99.534197,30/4/2026,-,
FP-488,น้ำแม่ลาว - น้ำแม่สรวย,เวียงป่าเป้า,11 แม่เจดีย์,อบต.แม่เจดีย์,รถยนต์ 4 ล้อ,"รถยนต์ 4 ล้อ
รถตรวจการ",พร้อมปฏิบัติงาน,Ford,ผจ 6646 ชร,19.193864,99.534197,30/4/2026,-,
FP-489,น้ำแม่ลาว - น้ำแม่สรวย,เวียงป่าเป้า,11 แม่เจดีย์ใหม่,อบต.แม่เจดีย์ใหม่,รถบรรทุกน้ำ,"รถบรรทุกน้ำ
รถบรรทุกน้ำ ขนาด 6,000 ลิตร",พร้อมปฏิบัติงาน,อีซูซุ,บว 3771,19.17048,99.509648,30/4/2026,0-5367-9085,
FP-490,แม้น้ำอิง,พญาเม็งราย,12 ไม้ยา,ทต.ไม้ยา,รถยนต์กู้ภัย พร้อมเครื่องมือ,"รถยนต์กู้ภัย พร้อมเครื่องมือ
รถยนต์กู้ภัยเคลื่อนที่เร็วพร้อมอุปกรณ์",พร้อมปฏิบัติงาน,TOYOTA,บษ 820,19.730347,100.117891,30/4/2026,080-493-1729,
FP-491,แม้น้ำอิง,พญาเม็งราย,12 ไม้ยา,ทต.ไม้ยา,รถบรรทุกน้ำ,"รถบรรทุกน้ำ
รถบรรทุกน้ำ ขนาด 10,000 ลิตร",พร้อมปฏิบัติงาน,isuzo,82-3184 ชร,19.730347,100.117891,30/4/2026,0849502539,
FP-492,แม้น้ำอิง,พญาเม็งราย,12 ไม้ยา,ทต.ไม้ยา,รถบรรทุกน้ำ,"รถบรรทุกน้ำ
รถบรรทุกน้ำ ขนาด 6,000 ลิตร",พร้อมปฏิบัติงาน,ISUZU,ขล 2644,19.730347,100.117891,30/4/2026,099-615-8562,
FP-493,แม้น้ำอิง,พญาเม็งราย,12 ไม้ยา,ทต.ไม้ยา,รถบรรทุกขนาดเล็ก,"รถบรรทุกขนาดเล็ก
รถตู้เอนกประสงค์",พร้อมปฏิบัติงาน,TOYOTA,นข 5072,19.730347,100.117891,30/4/2026,099-615-8562,
FP-494,แม้น้ำอิง,พญาเม็งราย,12 เม็งราย,ทต.พญาเม็งราย,รถยนต์ 4 ล้อ,"รถยนต์ 4 ล้อ
-",พร้อมปฏิบัติงาน,มิตชูบิชิ,บห-4364 ชร,19.839168,100.168928,30/4/2026,53799105,
FP-495,แม้น้ำอิง,พญาเม็งราย,12 เม็งราย,ทต.พญาเม็งราย,รถไม่ระบุประเภท,"-
-",พร้อมปฏิบัติงาน,ฮีโน่ HiNo,81-2901 ชร,19.839168,100.168928,30/4/2026,053-799105,
FP-496,แม้น้ำอิง,พญาเม็งราย,12 เม็งราย,ทต.พญาเม็งราย,รถบรรทุกน้ำ,"รถบรรทุกน้ำ
รถบรรทุกน้ำ ขนาด 10,000 ลิตร",พร้อมปฏิบัติงาน,มิตชูบิชิ,81-0385 ชร,19.839168,100.168928,30/4/2026,053-799105,
FP-497,แม้น้ำอิง,พญาเม็งราย,12 เม็งราย,ทต.พญาเม็งราย,รถบรรทุกน้ำ,"รถบรรทุกน้ำ
รถบรรทุกน้ำ ขนาด 6,000 ลิตร",พร้อมปฏิบัติงาน,มิตชูบิชิ,บบ3252 ชร,19.839168,100.168928,30/4/2026,053-799105,
FP-498,แม้น้ำอิง,พญาเม็งราย,12 เม็งราย,ทต.พญาเม็งราย,รถบรรทุกน้ำ,"รถบรรทุกน้ำ
รถบรรทุกน้ำ ขนาด 6,000 ลิตร",พร้อมปฏิบัติงาน,มิตชูบิชิ,80-9169 ชร,19.839168,100.168928,30/4/2026,053-799105,
FP-499,แม้น้ำอิง,พญาเม็งราย,12 เม็งราย,ทต.เม็งราย,รถไม่ระบุประเภท,"-
-",พร้อมปฏิบัติงาน,ฟอร์ด,กง6938 ชร,19.866465,100.157199,30/4/2026,-,
FP-500,แม้น้ำอิง,พญาเม็งราย,12 เม็งราย,ทต.เม็งราย,รถไม่ระบุประเภท,"-
-",พร้อมปฏิบัติงาน,มาสด้า,กฉ 3363 ชร,19.866465,100.157199,30/4/2026,-,
FP-501,แม้น้ำอิง,พญาเม็งราย,12 เม็งราย,ทต.เม็งราย,รถไม่ระบุประเภท,"-
-",พร้อมปฏิบัติงาน,อีซูซุ,บษ 4398 ชร,19.866465,100.157199,30/4/2026,-,
FP-502,แม้น้ำอิง,พญาเม็งราย,12 แม่เปา,อบต.แม่เปา,รถบรรทุกน้ำ,"รถบรรทุกน้ำ
รถบรรทุกน้ำ ขนาด 6,000 ลิตร",พร้อมปฏิบัติงาน,FOTON,81-9842,19.891957,100.100234,30/4/2026,-,
FP-503,แม้น้ำอิง,พญาเม็งราย,12 แม่เปา,อบต.แม่เปา,รถยนต์ 4 ล้อ,"รถยนต์ 4 ล้อ
รถตรวจการ",พร้อมปฏิบัติงาน,MAZDA,บร 5978,19.891957,100.100234,30/4/2026,-,
FP-504,แม้น้ำอิง,พญาเม็งราย,12 แม่เปา,อบต.แม่เปา,รถแทรคเตอร์ล้อยาง,"รถแทรคเตอร์ล้อยาง
รถแทรคเตอร์ล้อยาง",พร้อมปฏิบัติงาน,CLAAS,ตฆ 2541,19.891957,100.100234,30/4/2026,-,
FP-505,แม้น้ำอิง,พญาเม็งราย,12 แม่เปา,อบต.แม่เปา,รถบรรทุกน้ำ,"รถบรรทุกน้ำ
-",พร้อมปฏิบัติงาน,isuzu,บว 4729,19.891957,100.100234,30/4/2026,-,
FP-506,แม้น้ำอิง,พญาเม็งราย,12 แม่ต๋ำ,อบต.แม่ต๋ำ,รถบรรทุกน้ำ,"รถบรรทุกน้ำ
รถบรรทุกน้ำ ขนาด 5,000 ลิตร",พร้อมปฏิบัติงาน,็HINO,บษ 5418 ชร,19.941242,100.254088,30/4/2026,085-8373647,
FP-507,แม้น้ำอิง,พญาเม็งราย,12 แม่ต๋ำ,อบต.แม่ต๋ำ,รถยนต์ 4 ล้อ,"รถยนต์ 4 ล้อ
-",พร้อมปฏิบัติงาน,MITSUBISHI,บย 8101 ชร,19.941242,100.254088,30/4/2026,085-8373647,
FP-508,แม้น้ำอิง,พญาเม็งราย,12 ตาดควัน,อบต.ตาดควัน,รถบรรทุกน้ำ,"รถบรรทุกน้ำ
-",พร้อมปฏิบัติงาน,HINO,z9270,19.962421,100.236244,30/4/2026,0861446542,
FP-509,แม่น้ำงาว,เวียงแก่น,13 ม่วงยาย,ทต.ม่วงยาย,รถยนต์ 4 ล้อ,"รถยนต์ 4 ล้อ
รถตรวจการ",พร้อมปฏิบัติงาน,MITSUBISHI,บธ 1678,20.105932,100.51563,30/4/2026,088-2669096,
FP-510,แม่น้ำงาว,เวียงแก่น,13 ม่วงยาย,ทต.ม่วงยาย,รถบรรทุกน้ำ,"รถบรรทุกน้ำ
รถบรรทุกน้ำ ขนาด 6,000 ลิตร",พร้อมปฏิบัติงาน,ISUZU,ผฉ 1235,20.105932,100.51563,30/4/2026,088-2669096,
FP-511,แม่น้ำงาว,เวียงแก่น,13 ม่วงยาย,ทต.ม่วงยาย,รถบรรทุกน้ำ,"รถบรรทุกน้ำ
รถบรรทุกน้ำ ขนาด 10,000 ลิตร",พร้อมปฏิบัติงาน,MITSUBISHI,ผค 8031,20.105932,100.51563,30/4/2026,088-2669096,
FP-512,แม่น้ำงาว,เวียงแก่น,13 หล่ายงาว,ทต.หล่ายงาว,รถจักรยานยนต์,"รถจักรยานยนต์
รถจักรยานยนต์",พร้อมปฏิบัติงาน,honda,1กฏ 7441 ช,20.10556,100.50067,30/4/2026,053608202,
FP-513,แม่น้ำงาว,เวียงแก่น,13 หล่ายงาว,ทต.หล่ายงาว,รถจักรยานยนต์,"รถจักรยานยนต์
รถจักรยานยนต์",พร้อมปฏิบัติงาน,honda,ขคย 172 ชร,20.10556,100.50067,30/4/2026,053608202,
FP-514,แม่น้ำงาว,เวียงแก่น,13 หล่ายงาว,ทต.หล่ายงาว,รถบรรทุกขนาดเล็ก,"รถบรรทุกขนาดเล็ก
รถบรรทุกขนาดเล็ก แบบที่นั่ง 2 ตอน",พร้อมปฏิบัติงาน,mazda,กง 1190 ชร,20.10556,100.50067,30/4/2026,053608202,
FP-515,แม่น้ำงาว,เวียงแก่น,13 หล่ายงาว,ทต.หล่ายงาว,รถบรรทุกขนาดกลาง-ใหญ่,"รถบรรทุกขนาดกลาง-ใหญ่
รถบรรทุกขนาดใหญ่ ขนาด 6 ตัน 6 ล้อ",พร้อมปฏิบัติงาน,มิตซูบิซิ,81-2479 ชร,20.10556,100.50067,30/4/2026,053608202,
FP-516,แม่น้ำงาว,เวียงแก่น,13 หล่ายงาว,ทต.หล่ายงาว,รถบรรทุกน้ำ,"รถบรรทุกน้ำ
รถบรรทุกน้ำ ขนาด 6,000 ลิตร",พร้อมปฏิบัติงาน,อีซูซุ,บม 9718 ชร,20.10556,100.50067,30/4/2026,053608202,
FP-517,แม่น้ำงาว,เวียงแก่น,13 หล่ายงาว,ทต.หล่ายงาว,รถบรรทุกขนาดเล็ก,"รถบรรทุกขนาดเล็ก
รถบรรทุกขนาดเล็ก แบบที่นั่งตอนครึ่ง",พร้อมปฏิบัติงาน,mazda,บพ 5744 ชร,20.10556,100.50067,30/4/2026,053608202,
FP-518,แม่น้ำงาว,เวียงแก่น,13 หล่ายงาว,ทต.หล่ายงาว,รถบรรทุกขนาดเล็ก,"รถบรรทุกขนาดเล็ก
รถบรรทุกขนาดเล็กขับเคลื่อน 4 ล้อ แบบที่นั่ง 2 ตอน (4x4)",พร้อมปฏิบัติงาน,โตโยต้า,กร 6834 ชร,20.10556,100.50067,30/4/2026,053608202,
FP-519,แม่น้ำงาว,เวียงแก่น,13 หล่ายงาว,ทต.หล่ายงาว,รถบรรทุกน้ำ,"รถบรรทุกน้ำ
-",พร้อมปฏิบัติงาน,อีซูซุ,ผฉ 9197 ชร,20.10556,100.50067,30/4/2026,053608202,
FP-520,แม่น้ำงาว,เวียงแก่น,13 หล่ายงาว,ทต.หล่ายงาว,รถไม่ระบุประเภท,"-
-",พร้อมปฏิบัติงาน,อีซูซุ,40-0209 ชร,20.10556,100.50067,30/4/2026,053608202,
FP-521,แม่น้ำงาว,เวียงแก่น,13 ท่าข้าม,ทต.ท่าข้าม,รถบรรทุกน้ำ,"รถบรรทุกน้ำ
รถบรรทุกน้ำ ขนาด 6,000 ลิตร",พร้อมปฏิบัติงาน,IZUZU,บล 8336,20.055907,100.505411,30/4/2026,053160381,
FP-522,แม่น้ำงาว,เวียงแก่น,13 ท่าข้าม,ทต.ท่าข้าม,รถขุดตักไฮดรอลิค,"รถขุดตักไฮดรอลิค
รถขุดตักไฮดรอลิค",พร้อมปฏิบัติงาน,powerplus,ตค 9936,20.055907,100.505411,30/4/2026,053160381,
FP-523,แม่น้ำงาว,เวียงแก่น,13 ปอ,อบต.ปอ,รถยนต์ 4 ล้อ,"รถยนต์ 4 ล้อ
รถตรวจการ",พร้อมปฏิบัติงาน,toyota,ผฉ3629,20.003251,100.486911,30/4/2026,0931401193,
FP-524,แม่น้ำงาว,เวียงแก่น,13 ปอ,อบต.ปอ,รถบรรทุกขนาดกลาง-ใหญ่,"รถบรรทุกขนาดกลาง-ใหญ่
รถบรรทุกขนาดใหญ่ ขนาด 6 ตัน 6 ล้อ",พร้อมปฏิบัติงาน,HINO,81-9954ชร,20.003251,100.486911,30/4/2026,086-1193825,
FP-525,แม่น้ำงาว,เวียงแก่น,13 ปอ,อบต.ปอ,รถยนต์ 4 ล้อ,"รถยนต์ 4 ล้อ
รถตรวจการ",พร้อมปฏิบัติงาน,FORD,กล 1255 ชร,20.003251,100.486911,30/4/2026,095-6908338,
FP-526,แม่น้ำงาว,เวียงแก่น,13 ปอ,อบต.ปอ,รถยนต์ 4 ล้อ,"รถยนต์ 4 ล้อ
รถตรวจการ",พร้อมปฏิบัติงาน,TOYOTA,บล 9130,20.003251,100.486911,30/4/2026,0931401193,
FP-527,แม่น้ำงาว,เวียงแก่น,13 ปอ,อบต.ปอ,รถขุดตักไฮดรอลิค,"รถขุดตักไฮดรอลิค
รถขุดตักไฮดรอลิค",พร้อมปฏิบัติงาน,JCB,ตค3793ชร,20.003251,100.486911,30/4/2026,086-1193825,
FP-528,แม่น้ำงาว,เวียงแก่น,13 ปอ,อบต.ปอ,รถบรรทุกน้ำ,"รถบรรทุกน้ำ
รถบรรทุกน้ำ ขนาด 6,000 ลิตร",พร้อมปฏิบัติงาน,isuzu,82-2911,20.003251,100.486911,30/4/2026,093-1374045,
FP-529,แม่น้ำงาว,เวียงแก่น,13 ปอ,อบต.ปอ,รถบรรทุกน้ำ,"รถบรรทุกน้ำ
รถบรรทุกน้ำ ขนาด 6,000 ลิตร",พร้อมปฏิบัติงาน,isuzu,บย 3564,20.003251,100.486911,30/4/2026,093-1374045,
FP-530,แม่น้ำงาว,เวียงแก่น,13 ปอ,อบต.ปอ,รถแทรคเตอร์ล้อยาง,"รถแทรคเตอร์ล้อยาง
รถแทรคเตอร์ล้อยาง",พร้อมปฏิบัติงาน,CHAMP,ตฆ1383ชร,20.003251,100.486911,30/4/2026,086-1193825,
FP-531,แม่น้ำงาว,เวียงแก่น,13 ปอ,อบต.ปอ,รถยนต์ 4 ล้อ,"รถยนต์ 4 ล้อ
รถตรวจการ",พร้อมปฏิบัติงาน,MG,ขข 9580 ชร,20.003251,100.486911,30/4/2026,061-3693529,
FP-532,แม้น้ำอิง,ขุนตาล,14 ต้า,ทต.บ้านต้า,รถบรรทุกน้ำ,"รถบรรทุกน้ำ
รถบรรทุกน้ำ ขนาด 6,000 ลิตร",พร้อมปฏิบัติงาน,ISUZU,บพ 2581,19.81004,100.239858,30/4/2026,-,
FP-533,แม้น้ำอิง,ขุนตาล,14 ต้า,ทต.บ้านต้า,รถบรรทุกน้ำ,"รถบรรทุกน้ำ
รถบรรทุกน้ำ ขนาด 5,000 ลิตร",พร้อมปฏิบัติงาน,MITSUBIHI,80-9397 ชร,19.81004,100.239858,30/4/2026,-,
FP-534,แม้น้ำอิง,ขุนตาล,14 ต้า,ทต.บ้านต้า,รถยนต์ 4 ล้อ,"รถยนต์ 4 ล้อ
รถตรวจการ",พร้อมปฏิบัติงาน,NISSAN,บพ 5231 ชร,19.81004,100.239858,30/4/2026,-,
FP-535,แม้น้ำอิง,ขุนตาล,14 ต้า,ทต.บ้านต้า,รถบรรทุกน้ำ,"รถบรรทุกน้ำ
รถบรรทุกน้ำ ขนาด 10,000 ลิตร",พร้อมปฏิบัติงาน,MITSUBIHI,บจ.5870,19.81004,100.239858,30/4/2026,-,
FP-536,แม้น้ำอิง,ขุนตาล,14 ต้า,ทต.บ้านต้า,รถบรรทุกน้ำ,"รถบรรทุกน้ำ
-",พร้อมปฏิบัติงาน,ISUZU,80-9395,19.81004,100.239858,30/4/2026,-,
FP-537,แม้น้ำอิง,ขุนตาล,14 ป่าตาล,ทต.ป่าตาล,รถยนต์ 4 ล้อ,"รถยนต์ 4 ล้อ
รถตรวจการ",พร้อมปฏิบัติงาน,โตโยต้า,บล-6129,19.833312,100.256982,30/4/2026,-,
FP-538,แม้น้ำอิง,ขุนตาล,14 ป่าตาล,ทต.ป่าตาล,รถบรรทุกน้ำ,"รถบรรทุกน้ำ
รถบรรทุกน้ำ ขนาด 6,000 ลิตร",พร้อมปฏิบัติงาน,อีซูซุ,บย-.1946,19.833312,100.256982,30/4/2026,-,
FP-539,แม้น้ำอิง,ขุนตาล,14 ป่าตาล,ทต.ป่าตาล,รถบรรทุกน้ำ,"รถบรรทุกน้ำ
รถบรรทุกน้ำ ขนาด 6,000 ลิตร",พร้อมปฏิบัติงาน,อีซูซุ,82-1026,19.833312,100.256982,30/4/2026,-,
FP-540,แม้น้ำอิง,ขุนตาล,14 ยางฮอม,ทต.ยางฮอม,รถดับเพลิง และอุปกรณ์,"รถดับเพลิง และอุปกรณ์
-",พร้อมปฏิบัติงาน,MITSUBISHI,บจ 91,19.922409,100.305601,30/4/2026,896340164,
FP-541,แม้น้ำอิง,ขุนตาล,14 ยางฮอม,ทต.ยางฮอม,รถตัก,"รถตัก
รถตักหน้าขุดหลัง",พร้อมปฏิบัติงาน,่๋JCB,ตค 718 ชร,19.922409,100.305601,30/4/2026,088-4057613,
FP-542,แม้น้ำอิง,ขุนตาล,14 ยางฮอม,ทต.ยางฮอม,รถบรรทุกน้ำ,"รถบรรทุกน้ำ
-",พร้อมปฏิบัติงาน,HINO,81-2871,19.922409,100.305601,30/4/2026,0861189031,
FP-543,แม้น้ำอิง,ขุนตาล,14 ยางฮอม,ทต.ยางฮอม,รถเครนขนาดใหญ่,"รถเครนขนาดใหญ่
รถเครนขนาดใหญ่บรรเทาสาธารณภัย",พร้อมปฏิบัติงาน,อีชูชุ,82-3035,19.922409,100.305601,30/4/2026,0617963412,
FP-544,แม้น้ำอิง,ขุนตาล,14 ต้า,อบต.ต้า,รถบรรทุกน้ำ,"รถบรรทุกน้ำ
รถบรรทุกน้ำ ขนาด 6,000 ลิตร",พร้อมปฏิบัติงาน,อีซูซู,81-8385 ชร,19.799147,100.2375,30/4/2026,053797149,
FP-545,แม้น้ำอิง,ขุนตาล,14 ต้า,อบต.ต้า,รถจักรยานยนต์,"รถจักรยานยนต์
รถจักรยานยนต์",พร้อมปฏิบัติงาน,ฮอนด้า,1กย-2828,19.799147,100.2375,30/4/2026,053797149,
FP-546,แม้น้ำอิง,ขุนตาล,14 ต้า,อบต.ต้า,รถยนต์ 4 ล้อ,"รถยนต์ 4 ล้อ
รถยนต์เก๋ง",พร้อมปฏิบัติงาน,ฟอร์ต,กจ-4658 ชร,19.799147,100.2375,30/4/2026,053797149,
FP-547,น้ำคำ - น้ำแม่จัน,แม่ฟ้าหลวง,15 เทอดไทย,อบต.เทอดไทย,รถบรรทุกเทท้าย,"รถบรรทุกเทท้าย
-",พร้อมปฏิบัติงาน,HINO,82-1692 ชร,20.24402,99.664014,30/4/2026,0931326591,
FP-548,น้ำคำ - น้ำแม่จัน,แม่ฟ้าหลวง,15 เทอดไทย,อบต.เทอดไทย,รถยนต์ 4 ล้อ,"รถยนต์ 4 ล้อ
-",พร้อมปฏิบัติงาน,TOYOTA,กบ2886 ชร,20.24402,99.664014,30/4/2026,0931326591,
FP-549,น้ำคำ - น้ำแม่จัน,แม่ฟ้าหลวง,15 เทอดไทย,อบต.เทอดไทย,รถขุดตักไฮดรอลิค,"รถขุดตักไฮดรอลิค
รถขุดตักไฮดรอลิค",พร้อมปฏิบัติงาน,JCB,ตฆ 761 ชร,20.24402,99.664014,30/4/2026,0931326591,
FP-550,น้ำคำ - น้ำแม่จัน,แม่ฟ้าหลวง,15 เทอดไทย,อบต.เทอดไทย,รถแทรคเตอร์ล้อยาง,"รถแทรคเตอร์ล้อยาง
รถแทรคเตอร์ล้อยาง",พร้อมปฏิบัติงาน,ARM MAC,ตค 8208 ชร,20.24402,99.664014,30/4/2026,0931326591,
FP-551,น้ำคำ - น้ำแม่จัน,แม่ฟ้าหลวง,15 เทอดไทย,อบต.เทอดไทย,รถดับเพลิง และอุปกรณ์,"รถดับเพลิง และอุปกรณ์
รถบรรทุกน้ำช่วยดับเพลิง",พร้อมปฏิบัติงาน,HINO,บษ9353 ชร,20.24402,99.664014,30/4/2026,0931326591,
FP-552,น้ำคำ - น้ำแม่จัน,แม่ฟ้าหลวง,15 เทอดไทย,อบต.เทอดไทย,รถดับเพลิง และอุปกรณ์,"รถดับเพลิง และอุปกรณ์
รถบรรทุกน้ำช่วยดับเพลิง",พร้อมปฏิบัติงาน,HINO,ผต5512 ชร,20.24402,99.664014,30/4/2026,0931326591,
FP-553,น้ำคำ - น้ำแม่จัน,แม่ฟ้าหลวง,15 แม่สลองใน,อบต.แม่สลองใน,รถแทรคเตอร์ล้อยาง,"รถแทรคเตอร์ล้อยาง
รถแทรคเตอร์ล้อยาง",พร้อมปฏิบัติงาน,FOTON,ตฆ 628,20.250148,99.650648,30/4/2026,-,
FP-554,น้ำคำ - น้ำแม่จัน,แม่ฟ้าหลวง,15 แม่สลองใน,อบต.แม่สลองใน,รถยนต์กู้ภัย พร้อมเครื่องมือ,"รถยนต์กู้ภัย พร้อมเครื่องมือ
รถยนต์กู้ภัยเคลื่อนที่เร็วพร้อมอุปกรณ์",พร้อมปฏิบัติงาน,ISUZU,กม 3382,20.250148,99.650648,30/4/2026,-,
FP-555,น้ำคำ - น้ำแม่จัน,แม่ฟ้าหลวง,15 แม่สลองใน,อบต.แม่สลองใน,รถตัก,"รถตัก
รถตักหน้าขุดหลัง",พร้อมปฏิบัติงาน,JCB,ตค 7777,20.250148,99.650648,30/4/2026,-,
FP-556,น้ำคำ - น้ำแม่จัน,แม่ฟ้าหลวง,15 แม่สลองใน,อบต.แม่สลองใน,รถดับเพลิง และอุปกรณ์,"รถดับเพลิง และอุปกรณ์
รถบรรทุกน้ำช่วยดับเพลิง",พร้อมปฏิบัติงาน,ISUZU,บม8532,20.250148,99.650648,30/4/2026,-,
FP-557,น้ำคำ - น้ำแม่จัน,แม่ฟ้าหลวง,15 แม่สลองใน,อบต.แม่สลองใน,รถดับเพลิง และอุปกรณ์,"รถดับเพลิง และอุปกรณ์
รถบรรทุกน้ำช่วยดับเพลิง",พร้อมปฏิบัติงาน,ISUZU,82-1813,20.250148,99.650648,30/4/2026,-,
FP-558,น้ำคำ - น้ำแม่จัน,แม่ฟ้าหลวง,15 แม่สลองใน,อบต.แม่สลองใน,รถยนต์กู้ภัย พร้อมเครื่องมือ,"รถยนต์กู้ภัย พร้อมเครื่องมือ
รถอุปกรณ์กู้ภัยพร้อมเครน",พร้อมปฏิบัติงาน,HINO,82-0198,20.250148,99.650648,30/4/2026,-,
FP-559,น้ำคำ - น้ำแม่จัน,แม่ฟ้าหลวง,15 แม่สลองนอก,อบต.แม่สลองนอก,รถยนต์ 4 ล้อ,"รถยนต์ 4 ล้อ
-",พร้อมปฏิบัติงาน,toyota,บว 9193,20.160936,99.64665,30/4/2026,-,
FP-560,น้ำคำ - น้ำแม่จัน,แม่ฟ้าหลวง,15 แม่สลองนอก,อบต.แม่สลองนอก,รถไม่ระบุประเภท,"-
-",พร้อมปฏิบัติงาน,hino,81-9132,20.160936,99.64665,30/4/2026,-,
FP-561,น้ำคำ - น้ำแม่จัน,แม่ฟ้าหลวง,15 แม่สลองนอก,อบต.แม่สลองนอก,รถยนต์ 4 ล้อ,"รถยนต์ 4 ล้อ
-",พร้อมปฏิบัติงาน,toyota,กจ6493,20.160936,99.64665,30/4/2026,-,
FP-562,น้ำคำ - น้ำแม่จัน,แม่ฟ้าหลวง,15 แม่สลองนอก,อบต.แม่สลองนอก,รถยนต์ 4 ล้อ,"รถยนต์ 4 ล้อ
-",พร้อมปฏิบัติงาน,chevolet,กพ1606,20.160936,99.64665,30/4/2026,-,
FP-563,น้ำคำ - น้ำแม่จัน,แม่ฟ้าหลวง,15 แม่สลองนอก,อบต.แม่สลองนอก,รถยนต์ 4 ล้อ,"รถยนต์ 4 ล้อ
-",พร้อมปฏิบัติงาน,เอ็มจี เอกซ์เทนเดอร์,ขก 8287,20.160936,99.64665,30/4/2026,053765129,
FP-564,น้ำคำ - น้ำแม่จัน,แม่ฟ้าหลวง,15 แม่สลองนอก,อบต.แม่สลองนอก,รถยนต์ 4 ล้อ,"รถยนต์ 4 ล้อ
-",พร้อมปฏิบัติงาน,mazda,บน6161,20.160936,99.64665,30/4/2026,-,
FP-565,น้ำคำ - น้ำแม่จัน,แม่ฟ้าหลวง,15 แม่สลองนอก,อบต.แม่สลองนอก,รถไม่ระบุประเภท,"-
-",พร้อมปฏิบัติงาน,hino,81-2998,20.160936,99.64665,30/4/2026,-,
FP-566,น้ำคำ - น้ำแม่จัน,แม่ฟ้าหลวง,15 แม่ฟ้าหลวง,อบต.แม่ฟ้าหลวง,รถดับเพลิง และอุปกรณ์,"รถดับเพลิง และอุปกรณ์
รถบรรทุกน้ำช่วยดับเพลิง",พร้อมปฏิบัติงาน,มิตซูมิชิ,บจ 2313 ชร,20.269388,99.804334,30/4/2026,0941437436,
FP-567,น้ำคำ - น้ำแม่จัน,แม่ฟ้าหลวง,15 แม่ฟ้าหลวง,อบต.แม่ฟ้าหลวง,รถยนต์กู้ภัย พร้อมเครื่องมือ,"รถยนต์กู้ภัย พร้อมเครื่องมือ
รถยนต์กู้ภัยเคลื่อนที่เร็วพร้อมอุปกรณ์",พร้อมปฏิบัติงาน,มิตซูมิชิ,80-9797 ชร,20.269388,99.804334,30/4/2026,0941437436,
FP-568,น้ำคำ - น้ำแม่จัน,แม่ฟ้าหลวง,15 แม่ฟ้าหลวง,อบต.แม่ฟ้าหลวง,รถบรรทุกขนาดกลาง-ใหญ่,"รถบรรทุกขนาดกลาง-ใหญ่
รถบรรทุกขนาดใหญ่ ขนาด 12 ตัน 10 ล้อ",พร้อมปฏิบัติงาน,มิตซูมิชิ,81-7033 ชร,20.269388,99.804334,30/4/2026,0941437436,
FP-569,น้ำคำ - น้ำแม่จัน,แม่ฟ้าหลวง,15 แม่ฟ้าหลวง,อบต.แม่ฟ้าหลวง,รถเครนขนาดใหญ่,"รถเครนขนาดใหญ่
รถเครนขนาดใหญ่บรรเทาสาธารณภัย",พร้อมปฏิบัติงาน,็Hino,ผค-9936 ชร,20.269388,99.804334,30/4/2026,0941437436,
FP-570,น้ำแม่ลาว - น้ำแม่สรวย,แม่ลาว,16 ดงมะดะ,ทต.แม่ลาว,รถดับเพลิง และอุปกรณ์,"รถดับเพลิง และอุปกรณ์
-",พร้อมปฏิบัติงาน,MITSUBISHI,80-9153,19.72345,99.715264,30/4/2026,0857079819,
FP-571,น้ำแม่ลาว - น้ำแม่สรวย,แม่ลาว,16 ดงมะดะ,ทต.แม่ลาว,รถดับเพลิง และอุปกรณ์,"รถดับเพลิง และอุปกรณ์
รถบรรทุกน้ำช่วยดับเพลิง",พร้อมปฏิบัติงาน,MITSUBISHI,80-9152,19.72345,99.715264,30/4/2026,0857079819,
FP-572,น้ำแม่ลาว - น้ำแม่สรวย,แม่ลาว,16 ดงมะดะ,ทต.แม่ลาว,รถจักรยานยนต์,"รถจักรยานยนต์
-",พร้อมปฏิบัติงาน,HONDA,1ก-5537,19.72345,99.715264,30/4/2026,0857079819,
FP-573,น้ำแม่ลาว - น้ำแม่สรวย,แม่ลาว,16 ดงมะดะ,ทต.แม่ลาว,รถยนต์ 4 ล้อ,"รถยนต์ 4 ล้อ
-",พร้อมปฏิบัติงาน,TOYOTA,บย 6571,19.72345,99.715264,30/4/2026,0857079819,
FP-574,น้ำแม่ลาว - น้ำแม่สรวย,แม่ลาว,16 ดงมะดะ,ทต.ดงมะดะ,รถบรรทุกน้ำ,"รถบรรทุกน้ำ
รถบรรทุกน้ำ ขนาด 6,000 ลิตร",พร้อมปฏิบัติงาน,ISUZU,ชร.บม-7931,19.747269,99.683416,30/4/2026,053-184131 ต่อ 103,
FP-575,น้ำแม่ลาว - น้ำแม่สรวย,แม่ลาว,16 ดงมะดะ,ทต.ดงมะดะ,รถยนต์กู้ภัย พร้อมเครื่องมือ,"รถยนต์กู้ภัย พร้อมเครื่องมือ
รถยนต์กู้ภัยเคลื่อนที่เร็วพร้อมอุปกรณ์",พร้อมปฏิบัติงาน,CHEVROLET,ชร.บว-7627,19.747269,99.683416,30/4/2026,053-184131 ต่อ 103,
FP-576,น้ำแม่ลาว - น้ำแม่สรวย,แม่ลาว,16 ป่าก่อดำ,ทต.ป่าก่อดำ,รถบรรทุกน้ำ,"รถบรรทุกน้ำ
รถบรรทุกน้ำ ขนาด 10,000 ลิตร",พร้อมปฏิบัติงาน,มิตซูบิชิ,บท4342,19.778091,99.740568,30/4/2026,0631416721,
FP-577,น้ำแม่ลาว - น้ำแม่สรวย,แม่ลาว,16 จอมหมอกแก้ว,อบต.จอมหมอกแก้ว,รถบรรทุกน้ำ,"รถบรรทุกน้ำ
รถบรรทุกน้ำ ขนาด 10,000 ลิตร",พร้อมปฏิบัติงาน,มิตซูบิซฺิ,บจ 8217,19.766981,99.673447,30/4/2026,0923453969,
FP-578,น้ำแม่ลาว - น้ำแม่สรวย,แม่ลาว,16 บัวสลี,อบต.บัวสลี,รถยนต์กู้ภัย พร้อมเครื่องมือ,"รถยนต์กู้ภัย พร้อมเครื่องมือ
รถยนต์กู้ภัยเคลื่อนที่เร็วพร้อมอุปกรณ์",พร้อมปฏิบัติงาน,Misubishi,80-9807,19.816729,99.757398,30/4/2026,-,
FP-579,น้ำแม่ลาว - น้ำแม่สรวย,แม่ลาว,16 บัวสลี,อบต.บัวสลี,รถบรรทุกน้ำ,"รถบรรทุกน้ำ
-",พร้อมปฏิบัติงาน,ISUZU,บร7921,19.816729,99.757398,30/4/2026,-,
FP-580,น้ำแม่ลาว - น้ำแม่สรวย,แม่ลาว,16 บัวสลี,อบต.บัวสลี,รถยนต์กู้ภัย พร้อมเครื่องมือ,"รถยนต์กู้ภัย พร้อมเครื่องมือ
รถยนต์กู้ภัยเอนกประสงค์พร้อมอุปกรณ์ (รถกู้ภัยขนาดกลาง)",พร้อมปฏิบัติงาน,Mazda,บพ 4314,19.816729,99.757398,30/4/2026,-,
FP-581,น้ำแม่ลาว - น้ำแม่สรวย,แม่ลาว,16 ป่าก่อดำ,อบต.ป่าก่อดำ,รถบรรทุกน้ำ,"รถบรรทุกน้ำ
-",พร้อมปฏิบัติงาน,HINO,บษ 4443 ชร,19.792919,99.705931,30/4/2026,053-778011,
FP-582,น้ำแม่ลาว - น้ำแม่สรวย,แม่ลาว,16 ป่าก่อดำ,อบต.ป่าก่อดำ,รถจักรยานยนต์,"รถจักรยานยนต์
รถจักรยานยนต์",พร้อมปฏิบัติงาน,HONDA,ขจธ 963 ชร,19.792919,99.705931,30/4/2026,053-778011,
FP-583,น้ำแม่ลาว - น้ำแม่สรวย,แม่ลาว,16 ป่าก่อดำ,อบต.ป่าก่อดำ,รถยนต์ 4 ล้อ,"รถยนต์ 4 ล้อ
รถตรวจการ",พร้อมปฏิบัติงาน,MAZDA,บร 1919 ชร,19.792919,99.705931,30/4/2026,053-778011,
FP-584,น้ำแม่ลาว - น้ำแม่สรวย,แม่ลาว,16 ป่าก่อดำ,อบต.ป่าก่อดำ,รถจักรยานยนต์,"รถจักรยานยนต์
รถจักรยานยนต์",พร้อมปฏิบัติงาน,HONDA,ขวว 222,19.792919,99.705931,30/4/2026,053-778011,
FP-585,น้ำแม่ลาว - น้ำแม่สรวย,แม่ลาว,16 ป่าก่อดำ,อบต.ป่าก่อดำ,รถยนต์ 4 ล้อ,"รถยนต์ 4 ล้อ
รถตรวจการ",พร้อมปฏิบัติงาน,FORD,กจ 4463,19.792919,99.705931,30/4/2026,053-778011,
FP-586,น้ำแม่ลาว - น้ำแม่สรวย,แม่ลาว,16 โป่งแพร่,อบต.โป่งแพร่,รถบรรทุกขนาดเล็ก,"รถบรรทุกขนาดเล็ก
รถบรรทุกขนาดเล็ก แบบที่นั่งตอนครึ่ง",พร้อมปฏิบัติงาน,ฮี่โน่,ผค 1774 ชร,19.801898,99.67597,30/4/2026,0970204388,
FP-587,น้ำแม่ลาว - น้ำแม่สรวย,แม่ลาว,16 โป่งแพร่,อบต.โป่งแพร่,รถยนต์ 4 ล้อ,"รถยนต์ 4 ล้อ
รถตรวจการ",พร้อมปฏิบัติงาน,โตโยต้า,บล 6023 ชร,19.801898,99.67597,30/4/2026,0953763697,
FP-588,น้ำแม่กกตอนปลาย - แม่น้ำโขง,เวียงเชียงรุ้ง,17 ทุ่งก่อ,ทต.บ้านเหล่า,รถบรรทุกน้ำ,"รถบรรทุกน้ำ
รถบรรทุกน้ำ ขนาด 6,000 ลิตร",พร้อมปฏิบัติงาน,ISUZU,82-4187 เช,19.992281,100.034989,30/4/2026,053-953199,
FP-589,น้ำแม่กกตอนปลาย - แม่น้ำโขง,เวียงเชียงรุ้ง,17 ทุ่งก่อ,ทต.บ้านเหล่า,รถยนต์ 4 ล้อ,"รถยนต์ 4 ล้อ
-",พร้อมปฏิบัติงาน,Ford,กค-7475,19.992281,100.034989,30/4/2026,0618233400,
FP-590,น้ำแม่กกตอนปลาย - แม่น้ำโขง,เวียงเชียงรุ้ง,17 ทุ่งก่อ,ทต.บ้านเหล่า,รถดับเพลิง และอุปกรณ์,"รถดับเพลิง และอุปกรณ์
-",พร้อมปฏิบัติงาน,mitsubishi,ผ-1869,19.992281,100.034989,30/4/2026,09-2187-9498,
FP-591,น้ำแม่กกตอนปลาย - แม่น้ำโขง,เวียงเชียงรุ้ง,17 ทุ่งก่อ,ทต.บ้านเหล่า,รถบรรทุกน้ำ,"รถบรรทุกน้ำ
รถบรรทุกน้ำ ขนาด 6,000 ลิตร",พร้อมปฏิบัติงาน,mitsubishi,บบ-5810,19.992281,100.034989,30/4/2026,06-2846-3436,
FP-592,น้ำแม่กกตอนปลาย - แม่น้ำโขง,เวียงเชียงรุ้ง,17 ดงมหาวัน,ทต.ดงมหาวัน,รถยนต์ 4 ล้อ,"รถยนต์ 4 ล้อ
รถตรวจการ",พร้อมปฏิบัติงาน,มาสด้า,บร8788,20.030335,100.005026,30/4/2026,0921874137,
FP-593,น้ำแม่กกตอนปลาย - แม่น้ำโขง,เวียงเชียงรุ้ง,17 ดงมหาวัน,ทต.ดงมหาวัน,รถบรรทุกน้ำ,"รถบรรทุกน้ำ
รถบรรทุกน้ำ ขนาด 6,000 ลิตร",พร้อมปฏิบัติงาน,อีซูซุ,82-4641,20.030335,100.005026,30/4/2026,0909105184,
FP-594,น้ำแม่กกตอนปลาย - แม่น้ำโขง,เวียงเชียงรุ้ง,17 ดงมหาวัน,ทต.ดงมหาวัน,รถบรรทุกน้ำ,"รถบรรทุกน้ำ
-",พร้อมปฏิบัติงาน,ฮีโน่,บร7388,20.030335,100.005026,30/4/2026,0877861752,
FP-595,น้ำแม่กกตอนปลาย - แม่น้ำโขง,เวียงเชียงรุ้ง,17 ดงมหาวัน,ทต.ดงมหาวัน,รถยนต์ 4 ล้อ,"รถยนต์ 4 ล้อ
รถอำนวยการสื่อสาร",พร้อมปฏิบัติงาน,โตโยต้า,กง 4813,20.030335,100.005026,30/4/2026,0921874137,
FP-596,น้ำแม่กกตอนปลาย - แม่น้ำโขง,เวียงเชียงรุ้ง,17 ป่าซาง,ทต.ป่าซาง,รถบรรทุกน้ำ,"รถบรรทุกน้ำ
รถบรรทุกน้ำ ขนาด 6,000 ลิตร",พร้อมปฏิบัติงาน,ISUZU,ผก 9851 ชร,20.034496,100.11367,30/4/2026,053173661,
FP-597,น้ำแม่กกตอนปลาย - แม่น้ำโขง,เวียงเชียงรุ้ง,17 ป่าซาง,ทต.ป่าซาง,รถยนต์ 4 ล้อ,"รถยนต์ 4 ล้อ
รถตรวจการ",พร้อมปฏิบัติงาน,toyota,บม 5899 ชร,20.034496,100.11367,30/4/2026,053173661,
FP-598,น้ำแม่กกตอนปลาย - แม่น้ำโขง,เวียงเชียงรุ้ง,17 ทุ่งก่อ,อบต.ทุ่งก่อ,รถบรรทุกน้ำ,"รถบรรทุกน้ำ
รถบรรทุกน้ำ ขนาด 6,000 ลิตร",พร้อมปฏิบัติงาน,Hino,81-9308,19.995339,100.036507,30/4/2026,0861979383,
FP-599,น้ำแม่กกตอนปลาย - แม่น้ำโขง,เวียงเชียงรุ้ง,17 ทุ่งก่อ,อบต.ทุ่งก่อ,รถยนต์ 4 ล้อ,"รถยนต์ 4 ล้อ
รถตรวจการ",พร้อมปฏิบัติงาน,Nissan,กษ-3449,19.995339,100.036507,30/4/2026,0861979383,
FP-600,น้ำแม่กกตอนปลาย - แม่น้ำโขง,เวียงเชียงรุ้ง,17 ทุ่งก่อ,อบต.ทุ่งก่อ,รถยนต์ 4 ล้อ,"รถยนต์ 4 ล้อ
รถตรวจการ",พร้อมปฏิบัติงาน,MITSUBISHL,กฉ-1544,19.995339,100.036507,30/4/2026,0861979383,
FP-601,น้ำแม่กกตอนปลาย - แม่น้ำโขง,เวียงเชียงรุ้ง,17 ทุ่งก่อ,อบต.ทุ่งก่อ,รถจักรยานยนต์,"รถจักรยานยนต์
รถจักรยานยนต์",พร้อมปฏิบัติงาน,HONDA,1 กล 2633,19.995339,100.036507,30/4/2026,0861979383,
FP-602,น้ำแม่กกตอนปลาย - แม่น้ำโขง,เวียงเชียงรุ้ง,17 ทุ่งก่อ,อบต.ทุ่งก่อ,รถยนต์ 4 ล้อ,"รถยนต์ 4 ล้อ
รถตรวจการ",พร้อมปฏิบัติงาน,MAZDA,ลจ-1424,19.995339,100.036507,30/4/2026,0861979383,
FP-603,น้ำแม่กกตอนปลาย - แม่น้ำโขง,ดอยหลวง,18 ปงน้อย,อบต.ปงน้อย,รถจักรยานยนต์,"รถจักรยานยนต์
รถจักรยานยนต์",พร้อมปฏิบัติงาน,HONDA,1 กฏ 9399,20.126684,100.081457,30/4/2026,-,
FP-604,น้ำแม่กกตอนปลาย - แม่น้ำโขง,ดอยหลวง,18 ปงน้อย,อบต.ปงน้อย,รถยนต์ 4 ล้อ,"รถยนต์ 4 ล้อ
-",พร้อมปฏิบัติงาน,MITSUBISHI,กย 3385,20.126684,100.081457,30/4/2026,-,
FP-605,น้ำแม่กกตอนปลาย - แม่น้ำโขง,ดอยหลวง,18 ปงน้อย,อบต.ปงน้อย,รถยนต์ 4 ล้อ,"รถยนต์ 4 ล้อ
-",พร้อมปฏิบัติงาน,MAZDA,บบ 4139,20.126684,100.081457,30/4/2026,-,
FP-606,น้ำแม่กกตอนปลาย - แม่น้ำโขง,ดอยหลวง,18 ปงน้อย,อบต.ปงน้อย,รถยนต์ 4 ล้อ,"รถยนต์ 4 ล้อ
-",พร้อมปฏิบัติงาน,TOYOTA,บษ 7016,20.126684,100.081457,30/4/2026,-,
FP-607,น้ำแม่กกตอนปลาย - แม่น้ำโขง,ดอยหลวง,18 ปงน้อย,อบต.ปงน้อย,รถบรรทุกน้ำ,"รถบรรทุกน้ำ
-",พร้อมปฏิบัติงาน,้HENO,บร 245,20.126684,100.081457,30/4/2026,-,
FP-608,น้ำแม่กกตอนปลาย - แม่น้ำโขง,ดอยหลวง,18 ปงน้อย,อบต.ปงน้อย,รถจักรยานยนต์,"รถจักรยานยนต์
รถจักรยานยนต์",พร้อมปฏิบัติงาน,HONDA,กคร 269,20.126684,100.081457,30/4/2026,-,
FP-609,น้ำแม่กกตอนปลาย - แม่น้ำโขง,ดอยหลวง,18 ปงน้อย,อบต.ปงน้อย,รถยนต์ 4 ล้อ,"รถยนต์ 4 ล้อ
-",พร้อมปฏิบัติงาน,ISUZU,นข 6803,20.126684,100.081457,30/4/2026,-,
FP-610,น้ำแม่กกตอนปลาย - แม่น้ำโขง,ดอยหลวง,18 ปงน้อย,อบต.ปงน้อย,รถจักรยานยนต์,"รถจักรยานยนต์
รถจักรยานยนต์",พร้อมปฏิบัติงาน,HONDA,ขลค 717,20.126684,100.081457,30/4/2026,-,
FP-611,น้ำแม่กกตอนปลาย - แม่น้ำโขง,ดอยหลวง,18 โชคชัย,อบต.โชคชัย,รถบรรทุกน้ำ,"รถบรรทุกน้ำ
รถบรรทุกน้ำ ขนาด 6,000 ลิตร",พร้อมปฏิบัติงาน,ISUZU,ผค 2634,20.123723,100.116003,30/4/2026,-,
FP-612,น้ำแม่กกตอนปลาย - แม่น้ำโขง,ดอยหลวง,18 โชคชัย,อบต.โชคชัย,รถบรรทุกน้ำ,"รถบรรทุกน้ำ
รถบรรทุกน้ำ ขนาด 10,000 ลิตร",พร้อมปฏิบัติงาน,ISUZU,80-9358,20.123723,100.116003,30/4/2026,-,
FP-613,น้ำแม่กกตอนปลาย - แม่น้ำโขง,ดอยหลวง,18 หนองป่าก่อ,อบต.หนองป่าก่อ,รถบรรทุกน้ำ,"รถบรรทุกน้ำ
รถบรรทุกน้ำ ขนาด 6,000 ลิตร",พร้อมปฏิบัติงาน,izusu,ผฉ 61 ชร,20.183649,100.127641,30/4/2026,0658675686,
